<?xml version="1.0" encoding="utf-8"?>
<ArrayOfWebPartTheme xmlns:xsi="http://www.w3.org/2001/XMLSchema-instance" xmlns:xsd="http://www.w3.org/2001/XMLSchema">
  <WebPartTheme>
    <Name>Default</Name>
    <Skins>
      <WebPartSkin>
        <Name>BaseSkinnedWebPartSample1</Name>
        <Path>~/Themes/Default/BaseSkinnedWebPartSample1.ascx</Path>
      </WebPartSkin>
    </Skins>
  </WebPartTheme>
  <WebPartTheme>
    <Name>Blue</Name>
	<Skins>
	  <WebPartSkin>
		  <Name>BaseSkinnedWebPartSample1</Name>
		  <Path>~/Themes/Blue/BaseSkinnedWebPartSample1.ascx</Path>
	  </WebPartSkin>
	</Skins>
  </WebPartTheme>
</ArrayOfWebPartTheme>