<?xml version="1.0" encoding="UTF-8"?>
<project xmlns="http://www.netbeans.org/ns/project/1">
    <type>org.netbeans.modules.apisupport.project</type>
    <configuration>
        <data xmlns="http://www.netbeans.org/ns/nb-module-project/3">
            <code-name-base>org.neuroph.jama</code-name-base>
            <suite-component/>
            <module-dependencies/>
            <public-packages>
                <package>Jama</package>
                <package>Jama.examples</package>
                <package>Jama.test</package>
                <package>Jama.util</package>
            </public-packages>
            <class-path-extension>
                <runtime-relative-path>ext/Jama-1.0.1.jar</runtime-relative-path>
                <binary-origin>release/modules/ext/Jama-1.0.1.jar</binary-origin>
            </class-path-extension>
        </data>
    </configuration>
</project>
