<DwarfConfig version="1.0">
  <VSconfig>
    <LogOnly>no</LogOnly>
    <ActiveConfiguration>Release</ActiveConfiguration>
    <ActivePlatform>x86</ActivePlatform>
    <Unmanaged>
      <OutputDirectory>..\..\..\BIN\%DWARFNAME%\</OutputDirectory>
      <CommandArguments>/inputfile:$(TargetDir)Input\smallContent.txt /resultfile:$(TargetDir)Output\%PROJECTNAME%.Result.txt /profilefile:$(TargetDir)Output\%PROJECTNAME%.Profile.txt</CommandArguments>
      <AdditionalIncludeDirectories>$(CCP_INC)</AdditionalIncludeDirectories>
      <AdditionalLibraryDirectories>$(CCP_LIB32)</AdditionalLibraryDirectories>
      <AdditionalDependencies>msmpi.lib</AdditionalDependencies>
      <Detect64BitPortabilityProblems>false</Detect64BitPortabilityProblems>
      <!-- Detect64BitPortabilityProblems: true/false -->
      <FavorSizeOrSpeed>favorSpeed</FavorSizeOrSpeed>
      <!-- FavorSizeOrSpeed: favorSpeed/favorSize -->
      <FloatingPointExceptions>false</FloatingPointExceptions>
      <!-- FloatingPointExceptions: true/false -->
      <Optimization>full</Optimization>
      <!-- Optimization: full/speed/none -->
      <WholeProgramOptimization>true</WholeProgramOptimization>
      <!-- WholeProgramOptimization: true/false -->
      <DebugInformationFormat>enabled</DebugInformationFormat>
      <!-- WholeProgramOptimization: enabled/disabled -->
      <BasicRuntimeChecks>runtimeBasicCheckNone</BasicRuntimeChecks>
      <!-- BasicRuntimeChecks: all/none -->
      <WarningLevel>4</WarningLevel>
      <!-- WarningLevel: 0/1/2/3/4 -->
    </Unmanaged>
    <Managed>
      <OutputPath>..\..\..\BIN\%DWARFNAME%\</OutputPath>
      <DefineConstants>
      </DefineConstants>
      <!-- COMMENT: DefineConstants:  DEBUG;TRACE-->
      <StartArguments>/inputfile:$(TargetDir)Input\smallContent.txt /resultfile:$(TargetDir)Output\%PROJECTNAME%.Result.txt /profilefile:$(TargetDir)Output\%PROJECTNAME%.Profile.txt</StartArguments>
      <TplReference>
      </TplReference>
      <MpiReference>
      </MpiReference>
      <DocumentationFile>
      </DocumentationFile>
    </Managed>
  </VSconfig>
  <DwarfBench version="1.0">
    <ExcludeList>
    </ExcludeList>
    <!-- Sample value: UnstructuredGrid.Managed.Serial;UnstructuredGrid.Unmanaged.Mpi -->
    <Input>
      <InputDirectory>\Input</InputDirectory>
      <Small>smallContent.txt</Small>
      <Medium>mediumContent.txt</Medium>
      <Large>largeContent.txt</Large>
    </Input>
    <Output>
      <ProfileDirectory>\Traces</ProfileDirectory>
      <ProfileFileName>%PROJECTNAME%.%PLATFORM%.%PARALLEL%.%SIZE%.Profile.txt</ProfileFileName>
      <ResultDirectory>\Output</ResultDirectory>
      <ResultFileName>%PROJECTNAME%.%PLATFORM%.%PARALLEL%.%SIZE%.Result.txt</ResultFileName>
    </Output>
    <Execution>
      <ProcTimeOut>100000</ProcTimeOut>
      <!-- value in miliseconds -->
      <ClusterJobTimeOut>150000</ClusterJobTimeOut>
      <!-- value in miliseconds -->
      <CommandArguments>/inputfile:%DWARF_DIR%Input\smallContent.txt /resultfile%DWARF_DIR%Output\%PROJECTNAME%.Result.txt /profilefile:%DWARF_DIR%Output\%PROJECTNAME%.Profile.txt</CommandArguments>
      <NodeLocalDeploymentDir>%userprofile%\</NodeLocalDeploymentDir>
      <LocalDeploymentDir>
      </LocalDeploymentDir>
      <!-- For example (network path): X:\Dwarfs2\Bin -->
      <SharedDeploymentDir>
      </SharedDeploymentDir>
      <!-- For example (network path): \\robertpa5\DWARF_SHARE\ -->
      <OpenMP>
        <ThreadCount>2</ThreadCount>
      </OpenMP>
      <MPI>
        <Scheduler>robertpa5</Scheduler>
        <!-- Overrides CCP_CLUSTER -->
        <ProcCount>2</ProcCount>
        <!-- Specified number of MPI processes -->
        <TargetDir>
        </TargetDir>
        <!-- currently not used -->
        <MpiExecStr>-n %PROCCOUNT%</MpiExecStr>
        <TraceEnabled>no</TraceEnabled>
        <MpiTrace>(interconn)</MpiTrace><!-- Example value: (interconn) or (all) -->
        <JumpShot>
          <JumpShotPath>C:\Users\matej\Desktop\slog2rte\slog2rte-1.2.6\lib\</JumpShotPath>
          <!-- Example value: C:\Users\User1\Desktop\slog2rte\slog2rte-1.2.6\lib\ -->
          <JavaBin>C:\Program Files (x86)\Java\jre6\Bin\java.exe</JavaBin>
        </JumpShot>
        <VampirBin>C:\Program Files (x86)\Vampir\Vampir.exe</VampirBin>
        <!-- %DWARF_BENCH%\Tools\vampir.exe -->
        <!-- Add ToolsPath here -->
      </MPI>
      <Xperf>
        <TraceEnabled>no</TraceEnabled>
        <XperfPath>
        </XperfPath>
        <XperfArgs>Base</XperfArgs>
      </Xperf>
      <Excel>
        <ExcelPath>C:\Program Files (x86)\Microsoft Office\Office12\Excel.exe</ExcelPath>
        <ExcelResultFile>%DWARF_DIR%DwarfBench\Results\Results.xlsx</ExcelResultFile>
      </Excel>
      <_NT_SYMBOL_PATH>
      </_NT_SYMBOL_PATH>
    </Execution>
  </DwarfBench>
</DwarfConfig>