<?xml version="1.0" encoding="UTF-8"?>
<project xmlns="http://www.netbeans.org/ns/project/1">
    <type>org.netbeans.modules.apisupport.project</type>
    <configuration>
        <data xmlns="http://www.netbeans.org/ns/nb-module-project/3">
            <code-name-base>org.neuroph.netbeans.main</code-name-base>
            <suite-component/>
            <module-dependencies>
                <dependency>
                    <code-name-base>c</code-name-base>
                    <build-prerequisite/>
                    <compile-dependency/>
                    <run-dependency>
                        <specification-version>1.0</specification-version>
                    </run-dependency>
                </dependency>
                <dependency>
                    <code-name-base>org.jfree</code-name-base>
                    <build-prerequisite/>
                    <compile-dependency/>
                    <run-dependency>
                        <specification-version>1.0</specification-version>
                    </run-dependency>
                </dependency>
                <dependency>
                    <code-name-base>org.netbeans.api.visual</code-name-base>
                    <build-prerequisite/>
                    <compile-dependency/>
                    <run-dependency>
                        <specification-version>2.21.1</specification-version>
                    </run-dependency>
                </dependency>
                <dependency>
                    <code-name-base>org.netbeans.modules.settings</code-name-base>
                    <build-prerequisite/>
                    <compile-dependency/>
                    <run-dependency>
                        <release-version>1</release-version>
                        <implementation-version/>
                    </run-dependency>
                </dependency>
                <dependency>
                    <code-name-base>org.netbeans.swing.outline</code-name-base>
                    <build-prerequisite/>
                    <compile-dependency/>
                    <run-dependency>
                        <specification-version>1.30.1</specification-version>
                    </run-dependency>
                </dependency>
                <dependency>
                    <code-name-base>org.neuroph.netbeans</code-name-base>
                    <build-prerequisite/>
                    <compile-dependency/>
                    <run-dependency>
                        <specification-version>1.0</specification-version>
                    </run-dependency>
                </dependency>
                <dependency>
                    <code-name-base>org.neuroph.netbeans.classificationsample</code-name-base>
                    <build-prerequisite/>
                    <compile-dependency/>
                    <run-dependency>
                        <specification-version>1.0</specification-version>
                    </run-dependency>
                </dependency>
                <dependency>
                    <code-name-base>org.neuroph.netbeans.explorer</code-name-base>
                    <build-prerequisite/>
                    <compile-dependency/>
                    <run-dependency>
                        <specification-version>1.0</specification-version>
                    </run-dependency>
                </dependency>
                <dependency>
                    <code-name-base>org.neuroph.netbeans.project</code-name-base>
                    <build-prerequisite/>
                    <compile-dependency/>
                    <run-dependency>
                        <specification-version>1.0</specification-version>
                    </run-dependency>
                </dependency>
                <dependency>
                    <code-name-base>org.neuroph.netbeans.visual</code-name-base>
                    <build-prerequisite/>
                    <compile-dependency/>
                    <run-dependency>
                        <specification-version>1.0</specification-version>
                    </run-dependency>
                </dependency>
                <dependency>
                    <code-name-base>org.nugs.graph2d</code-name-base>
                    <build-prerequisite/>
                    <compile-dependency/>
                    <run-dependency>
                        <specification-version>1.0</specification-version>
                    </run-dependency>
                </dependency>
                <dependency>
                    <code-name-base>org.nugs.graph2d.api</code-name-base>
                    <build-prerequisite/>
                    <compile-dependency/>
                    <run-dependency>
                        <specification-version>1.0</specification-version>
                    </run-dependency>
                </dependency>
                <dependency>
                    <code-name-base>org.openide.awt</code-name-base>
                    <build-prerequisite/>
                    <compile-dependency/>
                    <run-dependency>
                        <implementation-version/>
                    </run-dependency>
                </dependency>
                <dependency>
                    <code-name-base>org.openide.dialogs</code-name-base>
                    <build-prerequisite/>
                    <compile-dependency/>
                    <run-dependency>
                        <specification-version>7.38.1</specification-version>
                    </run-dependency>
                </dependency>
                <dependency>
                    <code-name-base>org.openide.explorer</code-name-base>
                    <build-prerequisite/>
                    <compile-dependency/>
                    <run-dependency>
                        <specification-version>6.34.1</specification-version>
                    </run-dependency>
                </dependency>
                <dependency>
                    <code-name-base>org.openide.filesystems</code-name-base>
                    <build-prerequisite/>
                    <compile-dependency/>
                    <run-dependency>
                        <specification-version>8.10.1</specification-version>
                    </run-dependency>
                </dependency>
                <dependency>
                    <code-name-base>org.openide.io</code-name-base>
                    <build-prerequisite/>
                    <compile-dependency/>
                    <run-dependency>
                        <specification-version>1.35.1</specification-version>
                    </run-dependency>
                </dependency>
                <dependency>
                    <code-name-base>org.openide.loaders</code-name-base>
                    <build-prerequisite/>
                    <compile-dependency/>
                    <run-dependency>
                        <specification-version>7.37.3</specification-version>
                    </run-dependency>
                </dependency>
                <dependency>
                    <code-name-base>org.openide.modules</code-name-base>
                    <build-prerequisite/>
                    <compile-dependency/>
                    <run-dependency>
                        <specification-version>7.42.1</specification-version>
                    </run-dependency>
                </dependency>
                <dependency>
                    <code-name-base>org.openide.nodes</code-name-base>
                    <build-prerequisite/>
                    <compile-dependency/>
                    <run-dependency>
                        <specification-version>7.20.1</specification-version>
                    </run-dependency>
                </dependency>
                <dependency>
                    <code-name-base>org.openide.util</code-name-base>
                    <build-prerequisite/>
                    <compile-dependency/>
                    <run-dependency>
                        <implementation-version/>
                    </run-dependency>
                </dependency>
                <dependency>
                    <code-name-base>org.openide.util.lookup</code-name-base>
                    <build-prerequisite/>
                    <compile-dependency/>
                    <run-dependency>
                        <specification-version>8.3.1</specification-version>
                    </run-dependency>
                </dependency>
                <dependency>
                    <code-name-base>org.openide.util.ui</code-name-base>
                    <build-prerequisite/>
                    <compile-dependency/>
                    <run-dependency>
                        <specification-version>9.4.1</specification-version>
                    </run-dependency>
                </dependency>
                <dependency>
                    <code-name-base>org.openide.windows</code-name-base>
                    <build-prerequisite/>
                    <compile-dependency/>
                    <run-dependency>
                        <implementation-version/>
                    </run-dependency>
                </dependency>
            </module-dependencies>
            <public-packages>
                <package>com.sun.tools.visualvm.charts</package>
                <package>com.sun.tools.visualvm.charts.swing</package>
                <package>com.sun.tools.visualvm.charts.xy</package>
                <package>com.sun.tools.visualvm.uisupport</package>
                <package>org.netbeans.lib.profiler.charts</package>
                <package>org.netbeans.lib.profiler.charts.axis</package>
                <package>org.netbeans.lib.profiler.charts.canvas</package>
                <package>org.netbeans.lib.profiler.charts.swing</package>
                <package>org.netbeans.lib.profiler.charts.xy</package>
                <package>org.netbeans.lib.profiler.charts.xy.synchronous</package>
                <package>org.netbeans.lib.profiler.ui</package>
                <package>org.netbeans.lib.profiler.ui.charts</package>
                <package>org.netbeans.lib.profiler.ui.charts.xy</package>
                <package>org.netbeans.lib.profiler.ui.components</package>
                <package>org.netbeans.lib.profiler.ui.components.table</package>
                <package>org.netbeans.lib.profiler.ui.components.tree</package>
                <package>org.netbeans.lib.profiler.ui.components.treetable</package>
                <package>org.netbeans.lib.profiler.ui.cpu</package>
                <package>org.netbeans.lib.profiler.ui.cpu.statistics</package>
                <package>org.netbeans.lib.profiler.ui.graphs</package>
                <package>org.netbeans.lib.profiler.ui.memory</package>
                <package>org.netbeans.lib.profiler.ui.monitor</package>
                <package>org.netbeans.lib.profiler.ui.threads</package>
                <package>org.neuroph.netbeans.main</package>
                <package>org.neuroph.netbeans.main.easyneurons</package>
                <package>org.neuroph.netbeans.main.easyneurons.dialog</package>
                <package>org.neuroph.netbeans.main.easyneurons.errorgraph</package>
                <package>org.neuroph.netbeans.main.easyneurons.file</package>
                <package>org.neuroph.netbeans.main.easyneurons.samples</package>
                <package>org.neuroph.netbeans.main.easyneurons.samples.perceptron</package>
            </public-packages>
            <class-path-extension>
                <runtime-relative-path>ext/org-netbeans-lib-profiler-charts.jar</runtime-relative-path>
                <binary-origin>release/modules/ext/org-netbeans-lib-profiler-charts.jar</binary-origin>
            </class-path-extension>
            <class-path-extension>
                <runtime-relative-path>ext/org-netbeans-lib-profiler-ui.jar</runtime-relative-path>
                <binary-origin>release/modules/ext/org-netbeans-lib-profiler-ui.jar</binary-origin>
            </class-path-extension>
            <class-path-extension>
                <runtime-relative-path>ext/com-sun-tools-visualvm-charts.jar</runtime-relative-path>
                <binary-origin>release/modules/ext/com-sun-tools-visualvm-charts.jar</binary-origin>
            </class-path-extension>
            <class-path-extension>
                <runtime-relative-path>ext/com-sun-tools-visualvm-uisupport.jar</runtime-relative-path>
                <binary-origin>release/modules/ext/com-sun-tools-visualvm-uisupport.jar</binary-origin>
            </class-path-extension>
        </data>
    </configuration>
</project>
