<?xml version="1.0" encoding="UTF-8"?>
<project xmlns="http://www.netbeans.org/ns/project/1">
    <type>org.netbeans.modules.apisupport.project</type>
    <configuration>
        <data xmlns="http://www.netbeans.org/ns/nb-module-project/3">
            <code-name-base>org.jzy3d</code-name-base>
            <suite-component/>
            <module-dependencies/>
            <public-packages>
                <package>com.jogamp.common</package>
                <package>com.jogamp.common.jvm</package>
                <package>com.jogamp.common.net</package>
                <package>com.jogamp.common.net.asset</package>
                <package>com.jogamp.common.nio</package>
                <package>com.jogamp.common.os</package>
                <package>com.jogamp.common.type</package>
                <package>com.jogamp.common.util</package>
                <package>com.jogamp.common.util.awt</package>
                <package>com.jogamp.common.util.cache</package>
                <package>com.jogamp.common.util.locks</package>
                <package>com.jogamp.gluegen.runtime</package>
                <package>com.jogamp.gluegen.runtime.opengl</package>
                <package>com.jogamp.graph.curve</package>
                <package>com.jogamp.graph.curve.opengl</package>
                <package>com.jogamp.graph.curve.tess</package>
                <package>com.jogamp.graph.font</package>
                <package>com.jogamp.graph.geom</package>
                <package>com.jogamp.graph.geom.opengl</package>
                <package>com.jogamp.nativewindow</package>
                <package>com.jogamp.nativewindow.awt</package>
                <package>com.jogamp.nativewindow.egl</package>
                <package>com.jogamp.nativewindow.macosx</package>
                <package>com.jogamp.nativewindow.swt</package>
                <package>com.jogamp.nativewindow.windows</package>
                <package>com.jogamp.nativewindow.x11</package>
                <package>com.jogamp.newt</package>
                <package>com.jogamp.newt.awt</package>
                <package>com.jogamp.newt.awt.applet</package>
                <package>com.jogamp.newt.event</package>
                <package>com.jogamp.newt.event.awt</package>
                <package>com.jogamp.newt.opengl</package>
                <package>com.jogamp.newt.swt</package>
                <package>com.jogamp.newt.util</package>
                <package>com.jogamp.opengl</package>
                <package>com.jogamp.opengl.math</package>
                <package>com.jogamp.opengl.math.geom</package>
                <package>com.jogamp.opengl.swt</package>
                <package>com.jogamp.opengl.util</package>
                <package>com.jogamp.opengl.util.av</package>
                <package>com.jogamp.opengl.util.awt</package>
                <package>com.jogamp.opengl.util.gl2</package>
                <package>com.jogamp.opengl.util.glsl</package>
                <package>com.jogamp.opengl.util.glsl.fixedfunc</package>
                <package>com.jogamp.opengl.util.glsl.sdk</package>
                <package>com.jogamp.opengl.util.packrect</package>
                <package>com.jogamp.opengl.util.texture</package>
                <package>com.jogamp.opengl.util.texture.awt</package>
                <package>com.jogamp.opengl.util.texture.spi</package>
                <package>com.jogamp.opengl.util.texture.spi.awt</package>
                <package>javax.media.nativewindow</package>
                <package>javax.media.nativewindow.util</package>
                <package>javax.media.opengl</package>
                <package>javax.media.opengl.awt</package>
                <package>javax.media.opengl.fixedfunc</package>
                <package>javax.media.opengl.glu</package>
                <package>javax.media.opengl.glu.gl2</package>
                <package>javax.media.opengl.glu.gl2es1</package>
                <package>jogamp.common</package>
                <package>jogamp.common.jvm</package>
                <package>jogamp.common.os</package>
                <package>jogamp.common.os.elf</package>
                <package>jogamp.common.util.locks</package>
                <package>jogamp.graph.curve.opengl</package>
                <package>jogamp.graph.curve.opengl.shader</package>
                <package>jogamp.graph.curve.tess</package>
                <package>jogamp.graph.curve.text</package>
                <package>jogamp.graph.font</package>
                <package>jogamp.graph.font.typecast</package>
                <package>jogamp.graph.font.typecast.ot</package>
                <package>jogamp.graph.font.typecast.ot.mac</package>
                <package>jogamp.graph.font.typecast.ot.table</package>
                <package>jogamp.graph.font.typecast.t2</package>
                <package>jogamp.graph.font.typecast.tt.engine</package>
                <package>jogamp.graph.geom.plane</package>
                <package>jogamp.nativewindow</package>
                <package>jogamp.nativewindow.awt</package>
                <package>jogamp.nativewindow.jawt</package>
                <package>jogamp.nativewindow.jawt.macosx</package>
                <package>jogamp.nativewindow.jawt.windows</package>
                <package>jogamp.nativewindow.jawt.x11</package>
                <package>jogamp.nativewindow.macosx</package>
                <package>jogamp.nativewindow.windows</package>
                <package>jogamp.nativewindow.x11</package>
                <package>jogamp.nativewindow.x11.awt</package>
                <package>jogamp.newt</package>
                <package>jogamp.newt.awt</package>
                <package>jogamp.newt.awt.event</package>
                <package>jogamp.newt.driver</package>
                <package>jogamp.newt.driver.awt</package>
                <package>jogamp.newt.driver.bcm.vc.iv</package>
                <package>jogamp.newt.driver.linux</package>
                <package>jogamp.newt.driver.macosx</package>
                <package>jogamp.newt.driver.windows</package>
                <package>jogamp.newt.driver.x11</package>
                <package>jogamp.newt.event</package>
                <package>jogamp.newt.swt</package>
                <package>jogamp.newt.swt.event</package>
                <package>jogamp.opengl</package>
                <package>jogamp.opengl.awt</package>
                <package>jogamp.opengl.egl</package>
                <package>jogamp.opengl.es1</package>
                <package>jogamp.opengl.es3</package>
                <package>jogamp.opengl.gl2</package>
                <package>jogamp.opengl.gl4</package>
                <package>jogamp.opengl.glu</package>
                <package>jogamp.opengl.glu.error</package>
                <package>jogamp.opengl.glu.gl2.nurbs</package>
                <package>jogamp.opengl.glu.mipmap</package>
                <package>jogamp.opengl.glu.nurbs</package>
                <package>jogamp.opengl.glu.registry</package>
                <package>jogamp.opengl.glu.tessellator</package>
                <package>jogamp.opengl.macosx.cgl</package>
                <package>jogamp.opengl.macosx.cgl.awt</package>
                <package>jogamp.opengl.openal.av</package>
                <package>jogamp.opengl.util</package>
                <package>jogamp.opengl.util.av</package>
                <package>jogamp.opengl.util.av.impl</package>
                <package>jogamp.opengl.util.glsl</package>
                <package>jogamp.opengl.util.glsl.fixedfunc</package>
                <package>jogamp.opengl.util.jpeg</package>
                <package>jogamp.opengl.util.pngj</package>
                <package>jogamp.opengl.util.pngj.chunks</package>
                <package>jogamp.opengl.windows.wgl</package>
                <package>jogamp.opengl.windows.wgl.awt</package>
                <package>jogamp.opengl.x11.glx</package>
                <package>org.jzy3d.analysis</package>
                <package>org.jzy3d.bridge</package>
                <package>org.jzy3d.bridge.awt</package>
                <package>org.jzy3d.bridge.newt.controllers</package>
                <package>org.jzy3d.bridge.newt.controllers.keyboard</package>
                <package>org.jzy3d.bridge.newt.controllers.mouse</package>
                <package>org.jzy3d.bridge.swing</package>
                <package>org.jzy3d.chart</package>
                <package>org.jzy3d.chart.controllers</package>
                <package>org.jzy3d.chart.controllers.camera</package>
                <package>org.jzy3d.chart.controllers.keyboard.camera</package>
                <package>org.jzy3d.chart.controllers.keyboard.lights</package>
                <package>org.jzy3d.chart.controllers.keyboard.screenshot</package>
                <package>org.jzy3d.chart.controllers.mouse</package>
                <package>org.jzy3d.chart.controllers.mouse.camera</package>
                <package>org.jzy3d.chart.controllers.mouse.picking</package>
                <package>org.jzy3d.chart.controllers.mouse.selection</package>
                <package>org.jzy3d.chart.controllers.targets</package>
                <package>org.jzy3d.chart.controllers.thread.camera</package>
                <package>org.jzy3d.chart.factories</package>
                <package>org.jzy3d.chart.graphs</package>
                <package>org.jzy3d.colors</package>
                <package>org.jzy3d.colors.colormaps</package>
                <package>org.jzy3d.contour</package>
                <package>org.jzy3d.events</package>
                <package>org.jzy3d.io</package>
                <package>org.jzy3d.io.obj</package>
                <package>org.jzy3d.junit</package>
                <package>org.jzy3d.junit.replay</package>
                <package>org.jzy3d.junit.replay.events</package>
                <package>org.jzy3d.maths</package>
                <package>org.jzy3d.maths.algorithms</package>
                <package>org.jzy3d.maths.algorithms.convexhull</package>
                <package>org.jzy3d.maths.algorithms.convexhull.algorithms</package>
                <package>org.jzy3d.maths.algorithms.convexhull.utils</package>
                <package>org.jzy3d.maths.algorithms.interpolation</package>
                <package>org.jzy3d.maths.algorithms.interpolation.algorithms</package>
                <package>org.jzy3d.maths.graphs</package>
                <package>org.jzy3d.maths.parameq</package>
                <package>org.jzy3d.picking</package>
                <package>org.jzy3d.plot2d.primitive</package>
                <package>org.jzy3d.plot2d.rendering</package>
                <package>org.jzy3d.plot3d.builder</package>
                <package>org.jzy3d.plot3d.builder.concrete</package>
                <package>org.jzy3d.plot3d.builder.delaunay</package>
                <package>org.jzy3d.plot3d.pipelines</package>
                <package>org.jzy3d.plot3d.primitives</package>
                <package>org.jzy3d.plot3d.primitives.axes</package>
                <package>org.jzy3d.plot3d.primitives.axes.layout</package>
                <package>org.jzy3d.plot3d.primitives.axes.layout.providers</package>
                <package>org.jzy3d.plot3d.primitives.axes.layout.renderers</package>
                <package>org.jzy3d.plot3d.primitives.contour</package>
                <package>org.jzy3d.plot3d.primitives.enlightables</package>
                <package>org.jzy3d.plot3d.primitives.graphs</package>
                <package>org.jzy3d.plot3d.primitives.graphs.impl</package>
                <package>org.jzy3d.plot3d.primitives.graphs.layout</package>
                <package>org.jzy3d.plot3d.primitives.interactive.tools</package>
                <package>org.jzy3d.plot3d.primitives.parameq</package>
                <package>org.jzy3d.plot3d.primitives.pickable</package>
                <package>org.jzy3d.plot3d.primitives.selectable</package>
                <package>org.jzy3d.plot3d.primitives.textured</package>
                <package>org.jzy3d.plot3d.primitives.vbo</package>
                <package>org.jzy3d.plot3d.rendering.canvas</package>
                <package>org.jzy3d.plot3d.rendering.compat</package>
                <package>org.jzy3d.plot3d.rendering.image</package>
                <package>org.jzy3d.plot3d.rendering.legends</package>
                <package>org.jzy3d.plot3d.rendering.legends.colorbars</package>
                <package>org.jzy3d.plot3d.rendering.lights</package>
                <package>org.jzy3d.plot3d.rendering.ordering</package>
                <package>org.jzy3d.plot3d.rendering.scene</package>
                <package>org.jzy3d.plot3d.rendering.textures</package>
                <package>org.jzy3d.plot3d.rendering.tooltips</package>
                <package>org.jzy3d.plot3d.rendering.view</package>
                <package>org.jzy3d.plot3d.rendering.view.annotation</package>
                <package>org.jzy3d.plot3d.rendering.view.controllers</package>
                <package>org.jzy3d.plot3d.rendering.view.layout</package>
                <package>org.jzy3d.plot3d.rendering.view.modes</package>
                <package>org.jzy3d.plot3d.text</package>
                <package>org.jzy3d.plot3d.text.align</package>
                <package>org.jzy3d.plot3d.text.drawable</package>
                <package>org.jzy3d.plot3d.text.drawable.cells</package>
                <package>org.jzy3d.plot3d.text.overlay</package>
                <package>org.jzy3d.plot3d.text.renderers</package>
                <package>org.jzy3d.plot3d.text.renderers.jogl</package>
                <package>org.jzy3d.plot3d.transform</package>
                <package>org.jzy3d.ui</package>
                <package>org.jzy3d.ui.editors</package>
                <package>org.jzy3d.ui.views</package>
                <package>org.jzy3d.utils</package>
            </public-packages>
            <class-path-extension>
                <runtime-relative-path>ext/jogl-all-natives-linux-amd64.jar</runtime-relative-path>
                <binary-origin>release/modules/ext/jogl-all-natives-linux-amd64.jar</binary-origin>
            </class-path-extension>
            <class-path-extension>
                <runtime-relative-path>ext/jogl-all.jar</runtime-relative-path>
                <binary-origin>release/modules/ext/jogl-all.jar</binary-origin>
            </class-path-extension>
            <class-path-extension>
                <runtime-relative-path>ext/gluegen-rt-natives-macosx-universal.jar</runtime-relative-path>
                <binary-origin>release/modules/ext/gluegen-rt-natives-macosx-universal.jar</binary-origin>
            </class-path-extension>
            <class-path-extension>
                <runtime-relative-path>ext/jogl-all-natives-windows-amd64.jar</runtime-relative-path>
                <binary-origin>release/modules/ext/jogl-all-natives-windows-amd64.jar</binary-origin>
            </class-path-extension>
            <class-path-extension>
                <runtime-relative-path>ext/jogl-all-natives-linux-armv6hf.jar</runtime-relative-path>
                <binary-origin>release/modules/ext/jogl-all-natives-linux-armv6hf.jar</binary-origin>
            </class-path-extension>
            <class-path-extension>
                <runtime-relative-path>ext/gluegen-rt-natives-linux-i586.jar</runtime-relative-path>
                <binary-origin>release/modules/ext/gluegen-rt-natives-linux-i586.jar</binary-origin>
            </class-path-extension>
            <class-path-extension>
                <runtime-relative-path>ext/jogl-all-natives-solaris-amd64.jar</runtime-relative-path>
                <binary-origin>release/modules/ext/jogl-all-natives-solaris-amd64.jar</binary-origin>
            </class-path-extension>
            <class-path-extension>
                <runtime-relative-path>ext/gluegen-rt-natives-windows-i586.jar</runtime-relative-path>
                <binary-origin>release/modules/ext/gluegen-rt-natives-windows-i586.jar</binary-origin>
            </class-path-extension>
            <class-path-extension>
                <runtime-relative-path>ext/gluegen-rt.jar</runtime-relative-path>
                <binary-origin>release/modules/ext/gluegen-rt.jar</binary-origin>
            </class-path-extension>
            <class-path-extension>
                <runtime-relative-path>ext/gluegen-rt-natives-solaris-amd64.jar</runtime-relative-path>
                <binary-origin>release/modules/ext/gluegen-rt-natives-solaris-amd64.jar</binary-origin>
            </class-path-extension>
            <class-path-extension>
                <runtime-relative-path>ext/jogl-all-natives-linux-i586.jar</runtime-relative-path>
                <binary-origin>release/modules/ext/jogl-all-natives-linux-i586.jar</binary-origin>
            </class-path-extension>
            <class-path-extension>
                <runtime-relative-path>ext/gluegen-rt-natives-windows-amd64.jar</runtime-relative-path>
                <binary-origin>release/modules/ext/gluegen-rt-natives-windows-amd64.jar</binary-origin>
            </class-path-extension>
            <class-path-extension>
                <runtime-relative-path>ext/jogl-all-natives-linux-armv6.jar</runtime-relative-path>
                <binary-origin>release/modules/ext/jogl-all-natives-linux-armv6.jar</binary-origin>
            </class-path-extension>
            <class-path-extension>
                <runtime-relative-path>ext/jogl-all-natives-solaris-i586.jar</runtime-relative-path>
                <binary-origin>release/modules/ext/jogl-all-natives-solaris-i586.jar</binary-origin>
            </class-path-extension>
            <class-path-extension>
                <runtime-relative-path>ext/gluegen-rt-natives-linux-armv6.jar</runtime-relative-path>
                <binary-origin>release/modules/ext/gluegen-rt-natives-linux-armv6.jar</binary-origin>
            </class-path-extension>
            <class-path-extension>
                <runtime-relative-path>ext/gluegen-rt-natives-solaris-i586.jar</runtime-relative-path>
                <binary-origin>release/modules/ext/gluegen-rt-natives-solaris-i586.jar</binary-origin>
            </class-path-extension>
            <class-path-extension>
                <runtime-relative-path>ext/jogl-all-natives-macosx-universal.jar</runtime-relative-path>
                <binary-origin>release/modules/ext/jogl-all-natives-macosx-universal.jar</binary-origin>
            </class-path-extension>
            <class-path-extension>
                <runtime-relative-path>ext/jzy3d-api-0.9.1.jar</runtime-relative-path>
                <binary-origin>release/modules/ext/jzy3d-api-0.9.1.jar</binary-origin>
            </class-path-extension>
            <class-path-extension>
                <runtime-relative-path>ext/gluegen-rt-natives-linux-armv6hf.jar</runtime-relative-path>
                <binary-origin>release/modules/ext/gluegen-rt-natives-linux-armv6hf.jar</binary-origin>
            </class-path-extension>
            <class-path-extension>
                <runtime-relative-path>ext/jogl-all-natives-windows-i586.jar</runtime-relative-path>
                <binary-origin>release/modules/ext/jogl-all-natives-windows-i586.jar</binary-origin>
            </class-path-extension>
            <class-path-extension>
                <runtime-relative-path>ext/gluegen-rt-natives-linux-amd64.jar</runtime-relative-path>
                <binary-origin>release/modules/ext/gluegen-rt-natives-linux-amd64.jar</binary-origin>
            </class-path-extension>
        </data>
    </configuration>
</project>
