<?xml version="1.0" encoding="UTF-8"?>
<project xmlns="http://www.netbeans.org/ns/project/1">
    <type>org.netbeans.modules.apisupport.project</type>
    <configuration>
        <data xmlns="http://www.netbeans.org/ns/nb-module-project/3">
            <code-name-base>org.neuroph.bci.mindwave</code-name-base>
            <standalone/>
            <module-dependencies>
                <dependency>
                    <code-name-base>org.netbeans.api.templates</code-name-base>
                    <build-prerequisite/>
                    <compile-dependency/>
                    <run-dependency>
                        <specification-version>1.6.1</specification-version>
                    </run-dependency>
                </dependency>
                <dependency>
                    <code-name-base>org.netbeans.modules.projectapi</code-name-base>
                    <build-prerequisite/>
                    <compile-dependency/>
                    <run-dependency>
                        <release-version>1</release-version>
                        <specification-version>1.60.1</specification-version>
                    </run-dependency>
                </dependency>
                <dependency>
                    <code-name-base>org.netbeans.modules.settings</code-name-base>
                    <build-prerequisite/>
                    <compile-dependency/>
                    <run-dependency>
                        <release-version>1</release-version>
                        <specification-version>1.38.1</specification-version>
                    </run-dependency>
                </dependency>
                <dependency>
                    <code-name-base>org.neuroph.netbeans</code-name-base>
                    <build-prerequisite/>
                    <compile-dependency/>
                    <run-dependency>
                        <specification-version>1.0</specification-version>
                    </run-dependency>
                </dependency>
                <dependency>
                    <code-name-base>org.neuroph.netbeans.files</code-name-base>
                    <build-prerequisite/>
                    <compile-dependency/>
                    <run-dependency>
                        <specification-version>1.0</specification-version>
                    </run-dependency>
                </dependency>
                <dependency>
                    <code-name-base>org.neuroph.netbeans.imr.utils</code-name-base>
                    <build-prerequisite/>
                    <compile-dependency/>
                    <run-dependency>
                        <specification-version>1.0</specification-version>
                    </run-dependency>
                </dependency>
                <dependency>
                    <code-name-base>org.neuroph.netbeans.project</code-name-base>
                    <build-prerequisite/>
                    <compile-dependency/>
                    <run-dependency>
                        <specification-version>1.0</specification-version>
                    </run-dependency>
                </dependency>
                <dependency>
                    <code-name-base>org.openide.actions</code-name-base>
                    <build-prerequisite/>
                    <compile-dependency/>
                    <run-dependency>
                        <specification-version>6.29.1</specification-version>
                    </run-dependency>
                </dependency>
                <dependency>
                    <code-name-base>org.openide.awt</code-name-base>
                    <build-prerequisite/>
                    <compile-dependency/>
                    <run-dependency>
                        <specification-version>7.55.1</specification-version>
                    </run-dependency>
                </dependency>
                <dependency>
                    <code-name-base>org.openide.dialogs</code-name-base>
                    <build-prerequisite/>
                    <compile-dependency/>
                    <run-dependency>
                        <specification-version>7.28.1</specification-version>
                    </run-dependency>
                </dependency>
                <dependency>
                    <code-name-base>org.openide.filesystems</code-name-base>
                    <build-prerequisite/>
                    <compile-dependency/>
                    <run-dependency>
                        <specification-version>8.5.1</specification-version>
                    </run-dependency>
                </dependency>
                <dependency>
                    <code-name-base>org.openide.io</code-name-base>
                    <build-prerequisite/>
                    <compile-dependency/>
                    <run-dependency>
                        <specification-version>1.35.1</specification-version>
                    </run-dependency>
                </dependency>
                <dependency>
                    <code-name-base>org.openide.loaders</code-name-base>
                    <build-prerequisite/>
                    <compile-dependency/>
                    <run-dependency>
                        <specification-version>7.44.3</specification-version>
                    </run-dependency>
                </dependency>
                <dependency>
                    <code-name-base>org.openide.nodes</code-name-base>
                    <build-prerequisite/>
                    <compile-dependency/>
                    <run-dependency>
                        <specification-version>7.33.2</specification-version>
                    </run-dependency>
                </dependency>
                <dependency>
                    <code-name-base>org.openide.util</code-name-base>
                    <build-prerequisite/>
                    <compile-dependency/>
                    <run-dependency>
                        <specification-version>8.29.1</specification-version>
                    </run-dependency>
                </dependency>
                <dependency>
                    <code-name-base>org.openide.util.lookup</code-name-base>
                    <build-prerequisite/>
                    <compile-dependency/>
                    <run-dependency>
                        <specification-version>8.19.1</specification-version>
                    </run-dependency>
                </dependency>
                <dependency>
                    <code-name-base>org.openide.util.ui</code-name-base>
                    <build-prerequisite/>
                    <compile-dependency/>
                    <run-dependency>
                        <specification-version>9.4.1</specification-version>
                    </run-dependency>
                </dependency>
                <dependency>
                    <code-name-base>org.openide.windows</code-name-base>
                    <build-prerequisite/>
                    <compile-dependency/>
                    <run-dependency>
                        <specification-version>6.60.1</specification-version>
                    </run-dependency>
                </dependency>
            </module-dependencies>
            <public-packages>
                <package>com.ericblue.mindstream.client</package>
                <package>com.ericblue.mindstream.preferences</package>
                <package>com.ericblue.mindstream.systemtray</package>
                <package>com.ericblue.mindstream.window</package>
                <package>com.sun.tools.visualvm.charts</package>
                <package>com.sun.tools.visualvm.charts.swing</package>
                <package>com.sun.tools.visualvm.charts.xy</package>
                <package>com.sun.tools.visualvm.uisupport</package>
                <package>org.apache.log4j</package>
                <package>org.apache.log4j.chainsaw</package>
                <package>org.apache.log4j.config</package>
                <package>org.apache.log4j.helpers</package>
                <package>org.apache.log4j.jdbc</package>
                <package>org.apache.log4j.jmx</package>
                <package>org.apache.log4j.lf5</package>
                <package>org.apache.log4j.lf5.util</package>
                <package>org.apache.log4j.lf5.viewer</package>
                <package>org.apache.log4j.lf5.viewer.categoryexplorer</package>
                <package>org.apache.log4j.lf5.viewer.configure</package>
                <package>org.apache.log4j.net</package>
                <package>org.apache.log4j.nt</package>
                <package>org.apache.log4j.or</package>
                <package>org.apache.log4j.or.jms</package>
                <package>org.apache.log4j.or.sax</package>
                <package>org.apache.log4j.spi</package>
                <package>org.apache.log4j.varia</package>
                <package>org.apache.log4j.xml</package>
                <package>org.json</package>
                <package>org.netbeans.lib.profiler.charts</package>
                <package>org.netbeans.lib.profiler.charts.axis</package>
                <package>org.netbeans.lib.profiler.charts.canvas</package>
                <package>org.netbeans.lib.profiler.charts.swing</package>
                <package>org.netbeans.lib.profiler.charts.xy</package>
                <package>org.netbeans.lib.profiler.charts.xy.synchronous</package>
                <package>org.netbeans.lib.profiler.ui</package>
                <package>org.netbeans.lib.profiler.ui.charts</package>
                <package>org.netbeans.lib.profiler.ui.charts.xy</package>
                <package>org.netbeans.lib.profiler.ui.components</package>
                <package>org.netbeans.lib.profiler.ui.components.table</package>
                <package>org.netbeans.lib.profiler.ui.components.tree</package>
                <package>org.netbeans.lib.profiler.ui.components.treetable</package>
                <package>org.netbeans.lib.profiler.ui.cpu</package>
                <package>org.netbeans.lib.profiler.ui.cpu.statistics</package>
                <package>org.netbeans.lib.profiler.ui.graphs</package>
                <package>org.netbeans.lib.profiler.ui.memory</package>
                <package>org.netbeans.lib.profiler.ui.monitor</package>
                <package>org.netbeans.lib.profiler.ui.threads</package>
                <package>org.neuroph.bci.mindwave</package>
                <package>org.neuroph.bci.mindwave.event</package>
                <package>org.neuroph.bci.mindwave.sampling</package>
                <package>org.neuroph.bci.mindwave.settings</package>
                <package>org.neuroph.bci.mindwave.wizard</package>
            </public-packages>
            <class-path-extension>
                <runtime-relative-path>ext/mindstream.jar</runtime-relative-path>
                <binary-origin>release/modules/ext/mindstream.jar</binary-origin>
            </class-path-extension>
            <class-path-extension>
                <runtime-relative-path>ext/org-netbeans-lib-profiler-ui.jar</runtime-relative-path>
                <binary-origin>release/modules/ext/org-netbeans-lib-profiler-ui.jar</binary-origin>
            </class-path-extension>
            <class-path-extension>
                <runtime-relative-path>ext/com-sun-tools-visualvm-uisupport.jar</runtime-relative-path>
                <binary-origin>release/modules/ext/com-sun-tools-visualvm-uisupport.jar</binary-origin>
            </class-path-extension>
            <class-path-extension>
                <runtime-relative-path>ext/json.jar</runtime-relative-path>
                <binary-origin>release/modules/ext/json.jar</binary-origin>
            </class-path-extension>
            <class-path-extension>
                <runtime-relative-path>ext/com-sun-tools-visualvm-charts.jar</runtime-relative-path>
                <binary-origin>release/modules/ext/com-sun-tools-visualvm-charts.jar</binary-origin>
            </class-path-extension>
            <class-path-extension>
                <runtime-relative-path>ext/org-netbeans-lib-profiler-charts.jar</runtime-relative-path>
                <binary-origin>release/modules/ext/org-netbeans-lib-profiler-charts.jar</binary-origin>
            </class-path-extension>
            <class-path-extension>
                <runtime-relative-path>ext/log4j-1.2.14.jar</runtime-relative-path>
                <binary-origin>release/modules/ext/log4j-1.2.14.jar</binary-origin>
            </class-path-extension>
        </data>
    </configuration>
</project>
