<?xml version="1.0" encoding="iso-8859-1"?>
<Package Name="JclDeveloperTools" Design="0">
  <Description>JEDI Code Library Developer Tools package</Description>
  <GUID>{2AE59B42-1430-423F-99D0-FB8F17DF798B}</GUID>
  <C5PFlags/>
  <C6PFlags/>
  <C5Libs/>
  <C6Libs/>
  <CompilerDefines>RELEASE</CompilerDefines>
  <ImageBase>48000000</ImageBase>
  <Requires>
    <Package Name="rtl" Targets="Delphi,Bcb,Bds" Condition=""/>
    <Package Name="vcl" Targets="Delphi,Bcb,Bds" Condition=""/>
    <Package Name="FCL" Targets="fpc" Condition=""/>
    <Package Name="Jcl-R" Targets="all" Condition=""/>
    <Package Name="JclContainers-R" Targets="all" Condition=""/>
  </Requires>
  <Contains>
    <File Name="..\..\devtools\jpp\JppState.pas" Targets="all" Formname="" Condition=""/>
    <File Name="..\..\devtools\jpp\JppLexer.pas" Targets="all" Formname="" Condition=""/>
    <File Name="..\..\devtools\jpp\JppParser.pas" Targets="all" Formname="" Condition=""/>
    <File Name="..\..\devtools\jpp\Templates\JclAlgorithmsTemplates.pas" Targets="all" Formname="" Condition=""/>
    <File Name="..\..\devtools\jpp\Templates\JclArrayListsTemplates.pas" Targets="all" Formname="" Condition=""/>
    <File Name="..\..\devtools\jpp\Templates\JclArraySetsTemplates.pas" Targets="all" Formname="" Condition=""/>
    <File Name="..\..\devtools\jpp\Templates\JclBinaryTreesTemplates.pas" Targets="all" Formname="" Condition=""/>
    <File Name="..\..\devtools\jpp\Templates\JclContainer1DTemplates.pas" Targets="all" Formname="" Condition=""/>
    <File Name="..\..\devtools\jpp\Templates\JclContainer2DTemplates.pas" Targets="all" Formname="" Condition=""/>
    <File Name="..\..\devtools\jpp\Templates\JclContainerIntfTemplates.pas" Targets="all" Formname="" Condition=""/>
    <File Name="..\..\devtools\jpp\Templates\JclContainerKnownMaps.pas" Targets="all" Formname="" Condition=""/>
    <File Name="..\..\devtools\jpp\Templates\JclContainerKnownTypes.pas" Targets="all" Formname="" Condition=""/>
    <File Name="..\..\devtools\jpp\Templates\JclContainerTemplates.pas" Targets="all" Formname="" Condition=""/>
    <File Name="..\..\devtools\jpp\Templates\JclContainerTypes.pas" Targets="all" Formname="" Condition=""/>
    <File Name="..\..\devtools\jpp\Templates\JclExcDlgTemplates.pas" Targets="all" Formname="" Condition=""/>
    <File Name="..\..\devtools\jpp\Templates\JclHashMapsTemplates.pas" Targets="all" Formname="" Condition=""/>
    <File Name="..\..\devtools\jpp\Templates\JclLinkedListsTemplates.pas" Targets="all" Formname="" Condition=""/>
    <File Name="..\..\devtools\jpp\Templates\JclQueuesTemplates.pas" Targets="all" Formname="" Condition=""/>
    <File Name="..\..\devtools\jpp\Templates\JclSortedMapsTemplates.pas" Targets="all" Formname="" Condition=""/>
    <File Name="..\..\devtools\jpp\Templates\JclStacksTemplates.pas" Targets="all" Formname="" Condition=""/>
    <File Name="..\..\devtools\jpp\Templates\JclTemplates.pas" Targets="all" Formname="" Condition=""/>
    <File Name="..\..\devtools\jpp\Templates\JclTreesTemplates.pas" Targets="all" Formname="" Condition=""/>
    <File Name="..\..\devtools\jpp\Templates\JclVectorsTemplates.pas" Targets="all" Formname="" Condition=""/>
    <File Name="..\..\source\common\JclCompilerUtils.pas" Targets="all" Formname="" Condition=""/>
    <File Name="..\..\source\common\JclDevToolsResources.pas" Targets="all" Formname="" Condition=""/>
    <File Name="..\..\source\common\JclIDEUtils.pas" Targets="all" Formname="" Condition=""/>
    <File Name="..\..\source\common\JclUsesUtils.pas" Targets="all" Formname="" Condition=""/>
    <File Name="..\..\source\windows\JclHelpUtils.pas" Targets="Windows" Formname="" Condition=""/>
    <File Name="..\..\source\windows\MSHelpServices_TLB.pas" Targets="Windows" Formname="" Condition=""/>
  </Contains>
</Package>
