<?xml version="1.0" encoding="UTF-8"?>
<project xmlns="http://www.netbeans.org/ns/project/1">
    <type>org.netbeans.modules.apisupport.project</type>
    <configuration>
        <data xmlns="http://www.netbeans.org/ns/nb-module-project/3">
            <code-name-base>org.goodoldai</code-name-base>
            <suite-component/>
            <module-dependencies>
                <dependency>
                    <code-name-base>org.neuroph.netbeans</code-name-base>
                    <build-prerequisite/>
                    <compile-dependency/>
                    <run-dependency>
                        <specification-version>1.0</specification-version>
                    </run-dependency>
                </dependency>
            </module-dependencies>
            <public-packages>
                <package>org.goai.classification.api</package>
                <package>org.goai.classification.eval</package>
                <package>org.goai.classification.impl</package>
                <package>org.goai.classification.samples</package>
            </public-packages>
            <class-path-extension>
                <runtime-relative-path>ext/javaml-0.1.7.jar</runtime-relative-path>
                <binary-origin>release/modules/ext/javaml-0.1.7.jar</binary-origin>
            </class-path-extension>
            <class-path-extension>
                <runtime-relative-path>ext/weka.jar</runtime-relative-path>
                <binary-origin>release/modules/ext/weka.jar</binary-origin>
            </class-path-extension>
            <class-path-extension>
                <runtime-relative-path>ext/GoaiFramework.jar</runtime-relative-path>
                <binary-origin>release/modules/ext/GoaiFramework.jar</binary-origin>
            </class-path-extension>
            <class-path-extension>
                <runtime-relative-path>ext/ajt-2.9.jar</runtime-relative-path>
                <binary-origin>release/modules/ext/ajt-2.9.jar</binary-origin>
            </class-path-extension>
        </data>
    </configuration>
</project>
