﻿<?xml version="1.0" encoding="utf-8"?>
<Planets>
  <Planet>
    <Name>Mercury</Name>
    <Moons />
  </Planet>
  <Planet>
    <Name>Venus</Name>
    <Moons />
  </Planet>
  <Planet>
    <Name>Earth</Name>
    <Moons>
      <Moon>
        <Name>Moon</Name>
        <OrbitalPeriod UnitsOfMeasure="days">27.321582</OrbitalPeriod>
      </Moon>
    </Moons>
  </Planet>
  <Planet>
    <Name>Mars</Name>
    <Moons>
      <Moon>
        <Name>Phobos</Name>
        <OrbitalPeriod UnitsOfMeasure="days">0.318</OrbitalPeriod>
      </Moon>
      <Moon>
        <Name>Deimos</Name>
        <OrbitalPeriod UnitsOfMeasure="days">1.26244</OrbitalPeriod>
      </Moon>
    </Moons>
  </Planet>
</Planets>