<?xml version="1.0" encoding="UTF-8"?>
<project xmlns="http://www.netbeans.org/ns/project/1">
    <type>org.netbeans.modules.apisupport.project</type>
    <configuration>
        <data xmlns="http://www.netbeans.org/ns/nb-module-project/3">
            <code-name-base>org.neuroph.netbeans.help</code-name-base>
            <standalone/>
            <module-dependencies>
                <dependency>
                    <code-name-base>org.netbeans.modules.javahelp</code-name-base>
                    <build-prerequisite/>
                    <compile-dependency/>
                    <run-dependency>
                        <release-version>1</release-version>
                        <specification-version>2.27.1</specification-version>
                    </run-dependency>
                </dependency>
            </module-dependencies>
            <public-packages/>
        </data>
    </configuration>
</project>
