<?xml version="1.0" encoding="UTF-8"?>
<project xmlns="http://www.netbeans.org/ns/project/1">
    <type>org.netbeans.modules.apisupport.project</type>
    <configuration>
        <data xmlns="http://www.netbeans.org/ns/nb-module-project/3">
            <code-name-base>boofcv</code-name-base>
            <suite-component/>
            <module-dependencies/>
            <public-packages>
                <package>boofcv.abst.calib</package>
                <package>boofcv.abst.denoise</package>
                <package>boofcv.abst.feature.associate</package>
                <package>boofcv.abst.feature.describe</package>
                <package>boofcv.abst.feature.detdesc</package>
                <package>boofcv.abst.feature.detect.extract</package>
                <package>boofcv.abst.feature.detect.intensity</package>
                <package>boofcv.abst.feature.detect.interest</package>
                <package>boofcv.abst.feature.detect.line</package>
                <package>boofcv.abst.feature.detect.peak</package>
                <package>boofcv.abst.feature.disparity</package>
                <package>boofcv.abst.feature.orientation</package>
                <package>boofcv.abst.feature.tracker</package>
                <package>boofcv.abst.fiducial</package>
                <package>boofcv.abst.filter</package>
                <package>boofcv.abst.filter.binary</package>
                <package>boofcv.abst.filter.blur</package>
                <package>boofcv.abst.filter.convolve</package>
                <package>boofcv.abst.filter.derivative</package>
                <package>boofcv.abst.filter.interpolate</package>
                <package>boofcv.abst.flow</package>
                <package>boofcv.abst.geo</package>
                <package>boofcv.abst.geo.bundle</package>
                <package>boofcv.abst.geo.f</package>
                <package>boofcv.abst.geo.fitting</package>
                <package>boofcv.abst.geo.h</package>
                <package>boofcv.abst.geo.optimization</package>
                <package>boofcv.abst.geo.pose</package>
                <package>boofcv.abst.geo.triangulate</package>
                <package>boofcv.abst.geo.trifocal</package>
                <package>boofcv.abst.segmentation</package>
                <package>boofcv.abst.sfm</package>
                <package>boofcv.abst.sfm.d2</package>
                <package>boofcv.abst.sfm.d3</package>
                <package>boofcv.abst.tracker</package>
                <package>boofcv.abst.transform.fft</package>
                <package>boofcv.abst.transform.wavelet</package>
                <package>boofcv.abst.transform.wavelet.impl</package>
                <package>boofcv.alg</package>
                <package>boofcv.alg.color</package>
                <package>boofcv.alg.denoise</package>
                <package>boofcv.alg.denoise.wavelet</package>
                <package>boofcv.alg.depth</package>
                <package>boofcv.alg.distort</package>
                <package>boofcv.alg.distort.impl</package>
                <package>boofcv.alg.enhance</package>
                <package>boofcv.alg.enhance.impl</package>
                <package>boofcv.alg.feature</package>
                <package>boofcv.alg.feature.associate</package>
                <package>boofcv.alg.feature.color</package>
                <package>boofcv.alg.feature.describe</package>
                <package>boofcv.alg.feature.describe.brief</package>
                <package>boofcv.alg.feature.describe.impl</package>
                <package>boofcv.alg.feature.detdesc</package>
                <package>boofcv.alg.feature.detect</package>
                <package>boofcv.alg.feature.detect.chess</package>
                <package>boofcv.alg.feature.detect.edge</package>
                <package>boofcv.alg.feature.detect.edge.impl</package>
                <package>boofcv.alg.feature.detect.extract</package>
                <package>boofcv.alg.feature.detect.grid</package>
                <package>boofcv.alg.feature.detect.grid.refine</package>
                <package>boofcv.alg.feature.detect.intensity</package>
                <package>boofcv.alg.feature.detect.intensity.impl</package>
                <package>boofcv.alg.feature.detect.interest</package>
                <package>boofcv.alg.feature.detect.line</package>
                <package>boofcv.alg.feature.detect.line.gridline</package>
                <package>boofcv.alg.feature.detect.peak</package>
                <package>boofcv.alg.feature.detect.quadblob</package>
                <package>boofcv.alg.feature.detect.template</package>
                <package>boofcv.alg.feature.disparity</package>
                <package>boofcv.alg.feature.disparity.impl</package>
                <package>boofcv.alg.feature.orientation</package>
                <package>boofcv.alg.feature.orientation.impl</package>
                <package>boofcv.alg.feature.shapes</package>
                <package>boofcv.alg.fiducial</package>
                <package>boofcv.alg.filter.basic</package>
                <package>boofcv.alg.filter.basic.impl</package>
                <package>boofcv.alg.filter.binary</package>
                <package>boofcv.alg.filter.binary.impl</package>
                <package>boofcv.alg.filter.blur</package>
                <package>boofcv.alg.filter.blur.impl</package>
                <package>boofcv.alg.filter.convolve</package>
                <package>boofcv.alg.filter.convolve.border</package>
                <package>boofcv.alg.filter.convolve.down</package>
                <package>boofcv.alg.filter.convolve.noborder</package>
                <package>boofcv.alg.filter.convolve.normalized</package>
                <package>boofcv.alg.filter.derivative</package>
                <package>boofcv.alg.filter.derivative.impl</package>
                <package>boofcv.alg.filter.kernel</package>
                <package>boofcv.alg.filter.kernel.impl</package>
                <package>boofcv.alg.filter.misc</package>
                <package>boofcv.alg.flow</package>
                <package>boofcv.alg.geo</package>
                <package>boofcv.alg.geo.bundle</package>
                <package>boofcv.alg.geo.calibration</package>
                <package>boofcv.alg.geo.f</package>
                <package>boofcv.alg.geo.h</package>
                <package>boofcv.alg.geo.pose</package>
                <package>boofcv.alg.geo.rectify</package>
                <package>boofcv.alg.geo.triangulate</package>
                <package>boofcv.alg.geo.trifocal</package>
                <package>boofcv.alg.interpolate</package>
                <package>boofcv.alg.interpolate.array</package>
                <package>boofcv.alg.interpolate.impl</package>
                <package>boofcv.alg.interpolate.kernel</package>
                <package>boofcv.alg.misc</package>
                <package>boofcv.alg.segmentation</package>
                <package>boofcv.alg.segmentation.fh04</package>
                <package>boofcv.alg.segmentation.fh04.impl</package>
                <package>boofcv.alg.segmentation.ms</package>
                <package>boofcv.alg.segmentation.slic</package>
                <package>boofcv.alg.segmentation.watershed</package>
                <package>boofcv.alg.sfm</package>
                <package>boofcv.alg.sfm.d2</package>
                <package>boofcv.alg.sfm.d3</package>
                <package>boofcv.alg.sfm.overhead</package>
                <package>boofcv.alg.sfm.robust</package>
                <package>boofcv.alg.tracker.circulant</package>
                <package>boofcv.alg.tracker.combined</package>
                <package>boofcv.alg.tracker.klt</package>
                <package>boofcv.alg.tracker.meanshift</package>
                <package>boofcv.alg.tracker.sfot</package>
                <package>boofcv.alg.tracker.tld</package>
                <package>boofcv.alg.transform.fft</package>
                <package>boofcv.alg.transform.ii</package>
                <package>boofcv.alg.transform.ii.impl</package>
                <package>boofcv.alg.transform.pyramid</package>
                <package>boofcv.alg.transform.wavelet</package>
                <package>boofcv.alg.transform.wavelet.impl</package>
                <package>boofcv.alg.weights</package>
                <package>boofcv.core.image</package>
                <package>boofcv.core.image.border</package>
                <package>boofcv.core.image.impl</package>
                <package>boofcv.core.image.inst</package>
                <package>boofcv.factory.calib</package>
                <package>boofcv.factory.denoise</package>
                <package>boofcv.factory.distort</package>
                <package>boofcv.factory.feature.associate</package>
                <package>boofcv.factory.feature.describe</package>
                <package>boofcv.factory.feature.detdesc</package>
                <package>boofcv.factory.feature.detect.edge</package>
                <package>boofcv.factory.feature.detect.extract</package>
                <package>boofcv.factory.feature.detect.intensity</package>
                <package>boofcv.factory.feature.detect.interest</package>
                <package>boofcv.factory.feature.detect.line</package>
                <package>boofcv.factory.feature.detect.peak</package>
                <package>boofcv.factory.feature.detect.template</package>
                <package>boofcv.factory.feature.disparity</package>
                <package>boofcv.factory.feature.orientation</package>
                <package>boofcv.factory.feature.tracker</package>
                <package>boofcv.factory.fiducial</package>
                <package>boofcv.factory.filter.binary</package>
                <package>boofcv.factory.filter.blur</package>
                <package>boofcv.factory.filter.convolve</package>
                <package>boofcv.factory.filter.derivative</package>
                <package>boofcv.factory.filter.kernel</package>
                <package>boofcv.factory.flow</package>
                <package>boofcv.factory.geo</package>
                <package>boofcv.factory.interpolate</package>
                <package>boofcv.factory.segmentation</package>
                <package>boofcv.factory.sfm</package>
                <package>boofcv.factory.tracker</package>
                <package>boofcv.factory.transform.ii</package>
                <package>boofcv.factory.transform.pyramid</package>
                <package>boofcv.factory.transform.wavelet</package>
                <package>boofcv.factory.weights</package>
                <package>boofcv.gui</package>
                <package>boofcv.gui.binary</package>
                <package>boofcv.gui.d2</package>
                <package>boofcv.gui.d3</package>
                <package>boofcv.gui.edge</package>
                <package>boofcv.gui.feature</package>
                <package>boofcv.gui.fiducial</package>
                <package>boofcv.gui.image</package>
                <package>boofcv.gui.stereo</package>
                <package>boofcv.gui.tracker</package>
                <package>boofcv.io</package>
                <package>boofcv.io.image</package>
                <package>boofcv.io.video</package>
                <package>boofcv.io.webcamcapture</package>
                <package>boofcv.io.wrapper</package>
                <package>boofcv.io.wrapper.images</package>
                <package>boofcv.io.wrapper.xuggler</package>
                <package>boofcv.misc</package>
                <package>boofcv.numerics</package>
                <package>boofcv.struct</package>
                <package>boofcv.struct.calib</package>
                <package>boofcv.struct.convolve</package>
                <package>boofcv.struct.distort</package>
                <package>boofcv.struct.feature</package>
                <package>boofcv.struct.flow</package>
                <package>boofcv.struct.geo</package>
                <package>boofcv.struct.gss</package>
                <package>boofcv.struct.image</package>
                <package>boofcv.struct.pyramid</package>
                <package>boofcv.struct.sfm</package>
                <package>boofcv.struct.sparse</package>
                <package>boofcv.struct.wavelet</package>
                <package>boofcv.testing</package>
            </public-packages>
            <class-path-extension>
                <runtime-relative-path>ext/BoofCV-feature-0.18.jar</runtime-relative-path>
                <binary-origin>release/modules/ext/BoofCV-feature-0.18.jar</binary-origin>
            </class-path-extension>
            <class-path-extension>
                <runtime-relative-path>ext/BoofCV-sfm-0.18.jar</runtime-relative-path>
                <binary-origin>release/modules/ext/BoofCV-sfm-0.18.jar</binary-origin>
            </class-path-extension>
            <class-path-extension>
                <runtime-relative-path>ext/BoofCV-io-0.18-sources.jar</runtime-relative-path>
                <binary-origin>release/modules/ext/BoofCV-io-0.18-sources.jar</binary-origin>
            </class-path-extension>
            <class-path-extension>
                <runtime-relative-path>ext/BoofCV-io-0.18.jar</runtime-relative-path>
                <binary-origin>release/modules/ext/BoofCV-io-0.18.jar</binary-origin>
            </class-path-extension>
            <class-path-extension>
                <runtime-relative-path>ext/BoofCV-sfm-0.18-sources.jar</runtime-relative-path>
                <binary-origin>release/modules/ext/BoofCV-sfm-0.18-sources.jar</binary-origin>
            </class-path-extension>
            <class-path-extension>
                <runtime-relative-path>ext/BoofCV-WebcamCapture-0.18-sources.jar</runtime-relative-path>
                <binary-origin>release/modules/ext/BoofCV-WebcamCapture-0.18-sources.jar</binary-origin>
            </class-path-extension>
            <class-path-extension>
                <runtime-relative-path>ext/BoofCV-recognition-0.18.jar</runtime-relative-path>
                <binary-origin>release/modules/ext/BoofCV-recognition-0.18.jar</binary-origin>
            </class-path-extension>
            <class-path-extension>
                <runtime-relative-path>ext/BoofCV-xuggler-0.18-sources.jar</runtime-relative-path>
                <binary-origin>release/modules/ext/BoofCV-xuggler-0.18-sources.jar</binary-origin>
            </class-path-extension>
            <class-path-extension>
                <runtime-relative-path>ext/BoofCV-geo-0.18.jar</runtime-relative-path>
                <binary-origin>release/modules/ext/BoofCV-geo-0.18.jar</binary-origin>
            </class-path-extension>
            <class-path-extension>
                <runtime-relative-path>ext/BoofCV-ip-0.18.jar</runtime-relative-path>
                <binary-origin>release/modules/ext/BoofCV-ip-0.18.jar</binary-origin>
            </class-path-extension>
            <class-path-extension>
                <runtime-relative-path>ext/BoofCV-geo-0.18-sources.jar</runtime-relative-path>
                <binary-origin>release/modules/ext/BoofCV-geo-0.18-sources.jar</binary-origin>
            </class-path-extension>
            <class-path-extension>
                <runtime-relative-path>ext/BoofCV-calibration-0.18.jar</runtime-relative-path>
                <binary-origin>release/modules/ext/BoofCV-calibration-0.18.jar</binary-origin>
            </class-path-extension>
            <class-path-extension>
                <runtime-relative-path>ext/BoofCV-xuggler-0.18.jar</runtime-relative-path>
                <binary-origin>release/modules/ext/BoofCV-xuggler-0.18.jar</binary-origin>
            </class-path-extension>
            <class-path-extension>
                <runtime-relative-path>ext/BoofCV-visualize-0.18.jar</runtime-relative-path>
                <binary-origin>release/modules/ext/BoofCV-visualize-0.18.jar</binary-origin>
            </class-path-extension>
            <class-path-extension>
                <runtime-relative-path>ext/BoofCV-ip-0.18-sources.jar</runtime-relative-path>
                <binary-origin>release/modules/ext/BoofCV-ip-0.18-sources.jar</binary-origin>
            </class-path-extension>
            <class-path-extension>
                <runtime-relative-path>ext/BoofCV-visualize-0.18-sources.jar</runtime-relative-path>
                <binary-origin>release/modules/ext/BoofCV-visualize-0.18-sources.jar</binary-origin>
            </class-path-extension>
            <class-path-extension>
                <runtime-relative-path>ext/BoofCV-calibration-0.18-sources.jar</runtime-relative-path>
                <binary-origin>release/modules/ext/BoofCV-calibration-0.18-sources.jar</binary-origin>
            </class-path-extension>
            <class-path-extension>
                <runtime-relative-path>ext/BoofCV-recognition-0.18-sources.jar</runtime-relative-path>
                <binary-origin>release/modules/ext/BoofCV-recognition-0.18-sources.jar</binary-origin>
            </class-path-extension>
            <class-path-extension>
                <runtime-relative-path>ext/BoofCV-WebcamCapture-0.18.jar</runtime-relative-path>
                <binary-origin>release/modules/ext/BoofCV-WebcamCapture-0.18.jar</binary-origin>
            </class-path-extension>
            <class-path-extension>
                <runtime-relative-path>ext/BoofCV-feature-0.18-sources.jar</runtime-relative-path>
                <binary-origin>release/modules/ext/BoofCV-feature-0.18-sources.jar</binary-origin>
            </class-path-extension>
        </data>
    </configuration>
</project>
