<?xml version="1.0" standalone="yes"?>
<xs:schema id="NewDataSet" xmlns="" xmlns:xs="http://www.w3.org/2001/XMLSchema" xmlns:msdata="urn:schemas-microsoft-com:xml-msdata">
  <xs:element name="NewDataSet" msdata:IsDataSet="true" msdata:MainDataTable="Table" msdata:UseCurrentLocale="true">
    <xs:complexType>
      <xs:choice minOccurs="0" maxOccurs="unbounded">
        <xs:element name="Table">
          <xs:complexType>
            <xs:sequence>
              <xs:element name="Product_x0020_ID" type="xs:double" minOccurs="0" />
              <xs:element name="Product_x0020_Name" type="xs:string" minOccurs="0" />
              <xs:element name="Supplier" type="xs:string" minOccurs="0" />
              <xs:element name="Category" type="xs:string" minOccurs="0" />
              <xs:element name="Quantity_x0020_Per_x0020_Unit" type="xs:string" minOccurs="0" />
              <xs:element name="Unit_x0020_Price" type="xs:decimal" minOccurs="0" />
            </xs:sequence>
          </xs:complexType>
        </xs:element>
      </xs:choice>
    </xs:complexType>
  </xs:element>
</xs:schema>