<?xml version="1.0" standalone="yes"?>
<NewDataSet>
  <Table>
    <Product_x0020_ID>1</Product_x0020_ID>
    <Product_x0020_Name>Chai</Product_x0020_Name>
    <Supplier>Exotic Liquids</Supplier>
    <Category>Beverages</Category>
    <Quantity_x0020_Per_x0020_Unit>10 boxes x 20 bags</Quantity_x0020_Per_x0020_Unit>
    <Unit_x0020_Price>18</Unit_x0020_Price>
  </Table>
  <Table>
    <Product_x0020_ID>2</Product_x0020_ID>
    <Product_x0020_Name>Chang</Product_x0020_Name>
    <Supplier>Exotic Liquids</Supplier>
    <Category>Beverages</Category>
    <Quantity_x0020_Per_x0020_Unit>24 - 12 oz bottles</Quantity_x0020_Per_x0020_Unit>
    <Unit_x0020_Price>19</Unit_x0020_Price>
  </Table>
  <Table>
    <Product_x0020_ID>3</Product_x0020_ID>
    <Product_x0020_Name>Aniseed Syrup</Product_x0020_Name>
    <Supplier>Exotic Liquids</Supplier>
    <Category>Condiments</Category>
    <Quantity_x0020_Per_x0020_Unit>12 - 550 ml bottles</Quantity_x0020_Per_x0020_Unit>
    <Unit_x0020_Price>10</Unit_x0020_Price>
  </Table>
  <Table>
    <Product_x0020_ID>4</Product_x0020_ID>
    <Product_x0020_Name>Chef Anton's Cajun Seasoning</Product_x0020_Name>
    <Supplier>New Orleans Cajun Delights</Supplier>
    <Category>Condiments</Category>
    <Quantity_x0020_Per_x0020_Unit>48 - 6 oz jars</Quantity_x0020_Per_x0020_Unit>
    <Unit_x0020_Price>22</Unit_x0020_Price>
  </Table>
  <Table>
    <Product_x0020_ID>5</Product_x0020_ID>
    <Product_x0020_Name>Chef Anton's Gumbo Mix</Product_x0020_Name>
    <Supplier>New Orleans Cajun Delights</Supplier>
    <Category>Condiments</Category>
    <Quantity_x0020_Per_x0020_Unit>36 boxes</Quantity_x0020_Per_x0020_Unit>
    <Unit_x0020_Price>21.35</Unit_x0020_Price>
  </Table>
  <Table>
    <Product_x0020_ID>6</Product_x0020_ID>
    <Product_x0020_Name>Grandma's Boysenberry Spread</Product_x0020_Name>
    <Supplier>Grandma Kelly's Homestead</Supplier>
    <Category>Condiments</Category>
    <Quantity_x0020_Per_x0020_Unit>12 - 8 oz jars</Quantity_x0020_Per_x0020_Unit>
    <Unit_x0020_Price>25</Unit_x0020_Price>
  </Table>
  <Table>
    <Product_x0020_ID>7</Product_x0020_ID>
    <Product_x0020_Name>Uncle Bob's Organic Dried Pears</Product_x0020_Name>
    <Supplier>Grandma Kelly's Homestead</Supplier>
    <Category>Produce</Category>
    <Quantity_x0020_Per_x0020_Unit>12 - 1 lb pkgs.</Quantity_x0020_Per_x0020_Unit>
    <Unit_x0020_Price>30</Unit_x0020_Price>
  </Table>
  <Table>
    <Product_x0020_ID>8</Product_x0020_ID>
    <Product_x0020_Name>Northwoods Cranberry Sauce</Product_x0020_Name>
    <Supplier>Grandma Kelly's Homestead</Supplier>
    <Category>Condiments</Category>
    <Quantity_x0020_Per_x0020_Unit>12 - 12 oz jars</Quantity_x0020_Per_x0020_Unit>
    <Unit_x0020_Price>40</Unit_x0020_Price>
  </Table>
  <Table>
    <Product_x0020_ID>9</Product_x0020_ID>
    <Product_x0020_Name>Mishi Kobe Niku</Product_x0020_Name>
    <Supplier>Tokyo Traders</Supplier>
    <Category>Meat/Poultry</Category>
    <Quantity_x0020_Per_x0020_Unit>18 - 500 g pkgs.</Quantity_x0020_Per_x0020_Unit>
    <Unit_x0020_Price>97</Unit_x0020_Price>
  </Table>
  <Table>
    <Product_x0020_ID>10</Product_x0020_ID>
    <Product_x0020_Name>Ikura</Product_x0020_Name>
    <Supplier>Tokyo Traders</Supplier>
    <Category>Seafood</Category>
    <Quantity_x0020_Per_x0020_Unit>12 - 200 ml jars</Quantity_x0020_Per_x0020_Unit>
    <Unit_x0020_Price>31</Unit_x0020_Price>
  </Table>
  <Table>
    <Product_x0020_ID>11</Product_x0020_ID>
    <Product_x0020_Name>Queso Cabrales</Product_x0020_Name>
    <Supplier>Cooperativa de Quesos 'Las Cabras'</Supplier>
    <Category>Dairy Products</Category>
    <Quantity_x0020_Per_x0020_Unit>1 kg pkg.</Quantity_x0020_Per_x0020_Unit>
    <Unit_x0020_Price>21</Unit_x0020_Price>
  </Table>
  <Table>
    <Product_x0020_ID>12</Product_x0020_ID>
    <Product_x0020_Name>Queso Manchego La Pastora</Product_x0020_Name>
    <Supplier>Cooperativa de Quesos 'Las Cabras'</Supplier>
    <Category>Dairy Products</Category>
    <Quantity_x0020_Per_x0020_Unit>10 - 500 g pkgs.</Quantity_x0020_Per_x0020_Unit>
    <Unit_x0020_Price>38</Unit_x0020_Price>
  </Table>
  <Table>
    <Product_x0020_ID>13</Product_x0020_ID>
    <Product_x0020_Name>Konbu</Product_x0020_Name>
    <Supplier>Mayumi's</Supplier>
    <Category>Seafood</Category>
    <Quantity_x0020_Per_x0020_Unit>2 kg box</Quantity_x0020_Per_x0020_Unit>
    <Unit_x0020_Price>6</Unit_x0020_Price>
  </Table>
  <Table>
    <Product_x0020_ID>14</Product_x0020_ID>
    <Product_x0020_Name>Tofu</Product_x0020_Name>
    <Supplier>Mayumi's</Supplier>
    <Category>Produce</Category>
    <Quantity_x0020_Per_x0020_Unit>40 - 100 g pkgs.</Quantity_x0020_Per_x0020_Unit>
    <Unit_x0020_Price>23.25</Unit_x0020_Price>
  </Table>
  <Table>
    <Product_x0020_ID>15</Product_x0020_ID>
    <Product_x0020_Name>Genen Shouyu</Product_x0020_Name>
    <Supplier>Mayumi's</Supplier>
    <Category>Condiments</Category>
    <Quantity_x0020_Per_x0020_Unit>24 - 250 ml bottles</Quantity_x0020_Per_x0020_Unit>
    <Unit_x0020_Price>15.5</Unit_x0020_Price>
  </Table>
  <Table>
    <Product_x0020_ID>16</Product_x0020_ID>
    <Product_x0020_Name>Pavlova</Product_x0020_Name>
    <Supplier>Pavlova, Ltd.</Supplier>
    <Category>Confections</Category>
    <Quantity_x0020_Per_x0020_Unit>32 - 500 g boxes</Quantity_x0020_Per_x0020_Unit>
    <Unit_x0020_Price>17.45</Unit_x0020_Price>
  </Table>
  <Table>
    <Product_x0020_ID>17</Product_x0020_ID>
    <Product_x0020_Name>Alice Mutton</Product_x0020_Name>
    <Supplier>Pavlova, Ltd.</Supplier>
    <Category>Meat/Poultry</Category>
    <Quantity_x0020_Per_x0020_Unit>20 - 1 kg tins</Quantity_x0020_Per_x0020_Unit>
    <Unit_x0020_Price>39</Unit_x0020_Price>
  </Table>
  <Table>
    <Product_x0020_ID>18</Product_x0020_ID>
    <Product_x0020_Name>Carnarvon Tigers</Product_x0020_Name>
    <Supplier>Pavlova, Ltd.</Supplier>
    <Category>Seafood</Category>
    <Quantity_x0020_Per_x0020_Unit>16 kg pkg.</Quantity_x0020_Per_x0020_Unit>
    <Unit_x0020_Price>62.5</Unit_x0020_Price>
  </Table>
  <Table>
    <Product_x0020_ID>19</Product_x0020_ID>
    <Product_x0020_Name>Teatime Chocolate Biscuits</Product_x0020_Name>
    <Supplier>Specialty Biscuits, Ltd.</Supplier>
    <Category>Confections</Category>
    <Quantity_x0020_Per_x0020_Unit>10 boxes x 12 pieces</Quantity_x0020_Per_x0020_Unit>
    <Unit_x0020_Price>9.2</Unit_x0020_Price>
  </Table>
  <Table>
    <Product_x0020_ID>20</Product_x0020_ID>
    <Product_x0020_Name>Sir Rodney's Marmalade</Product_x0020_Name>
    <Supplier>Specialty Biscuits, Ltd.</Supplier>
    <Category>Confections</Category>
    <Quantity_x0020_Per_x0020_Unit>30 gift boxes</Quantity_x0020_Per_x0020_Unit>
    <Unit_x0020_Price>81</Unit_x0020_Price>
  </Table>
  <Table>
    <Product_x0020_ID>21</Product_x0020_ID>
    <Product_x0020_Name>Sir Rodney's Scones</Product_x0020_Name>
    <Supplier>Specialty Biscuits, Ltd.</Supplier>
    <Category>Confections</Category>
    <Quantity_x0020_Per_x0020_Unit>24 pkgs. x 4 pieces</Quantity_x0020_Per_x0020_Unit>
    <Unit_x0020_Price>10</Unit_x0020_Price>
  </Table>
  <Table>
    <Product_x0020_ID>22</Product_x0020_ID>
    <Product_x0020_Name>Gustaf's Knäckebröd</Product_x0020_Name>
    <Supplier>PB Knäckebröd AB</Supplier>
    <Category>Grains/Cereals</Category>
    <Quantity_x0020_Per_x0020_Unit>24 - 500 g pkgs.</Quantity_x0020_Per_x0020_Unit>
    <Unit_x0020_Price>21</Unit_x0020_Price>
  </Table>
  <Table>
    <Product_x0020_ID>23</Product_x0020_ID>
    <Product_x0020_Name>Tunnbröd</Product_x0020_Name>
    <Supplier>PB Knäckebröd AB</Supplier>
    <Category>Grains/Cereals</Category>
    <Quantity_x0020_Per_x0020_Unit>12 - 250 g pkgs.</Quantity_x0020_Per_x0020_Unit>
    <Unit_x0020_Price>9</Unit_x0020_Price>
  </Table>
  <Table>
    <Product_x0020_ID>24</Product_x0020_ID>
    <Product_x0020_Name>Guaraná Fantástica</Product_x0020_Name>
    <Supplier>Refrescos Americanas LTDA</Supplier>
    <Category>Beverages</Category>
    <Quantity_x0020_Per_x0020_Unit>12 - 355 ml cans</Quantity_x0020_Per_x0020_Unit>
    <Unit_x0020_Price>4.5</Unit_x0020_Price>
  </Table>
  <Table>
    <Product_x0020_ID>25</Product_x0020_ID>
    <Product_x0020_Name>NuNuCa Nuß-Nougat-Creme</Product_x0020_Name>
    <Supplier>Heli Süßwaren GmbH &amp; Co. KG</Supplier>
    <Category>Confections</Category>
    <Quantity_x0020_Per_x0020_Unit>20 - 450 g glasses</Quantity_x0020_Per_x0020_Unit>
    <Unit_x0020_Price>14</Unit_x0020_Price>
  </Table>
  <Table>
    <Product_x0020_ID>26</Product_x0020_ID>
    <Product_x0020_Name>Gumbär Gummibärchen</Product_x0020_Name>
    <Supplier>Heli Süßwaren GmbH &amp; Co. KG</Supplier>
    <Category>Confections</Category>
    <Quantity_x0020_Per_x0020_Unit>100 - 250 g bags</Quantity_x0020_Per_x0020_Unit>
    <Unit_x0020_Price>31.23</Unit_x0020_Price>
  </Table>
  <Table>
    <Product_x0020_ID>27</Product_x0020_ID>
    <Product_x0020_Name>Schoggi Schokolade</Product_x0020_Name>
    <Supplier>Heli Süßwaren GmbH &amp; Co. KG</Supplier>
    <Category>Confections</Category>
    <Quantity_x0020_Per_x0020_Unit>100 - 100 g pieces</Quantity_x0020_Per_x0020_Unit>
    <Unit_x0020_Price>43.9</Unit_x0020_Price>
  </Table>
  <Table>
    <Product_x0020_ID>28</Product_x0020_ID>
    <Product_x0020_Name>Rössle Sauerkraut</Product_x0020_Name>
    <Supplier>Plutzer Lebensmittelgroßmärkte AG</Supplier>
    <Category>Produce</Category>
    <Quantity_x0020_Per_x0020_Unit>25 - 825 g cans</Quantity_x0020_Per_x0020_Unit>
    <Unit_x0020_Price>45.6</Unit_x0020_Price>
  </Table>
  <Table>
    <Product_x0020_ID>29</Product_x0020_ID>
    <Product_x0020_Name>Thüringer Rostbratwurst</Product_x0020_Name>
    <Supplier>Plutzer Lebensmittelgroßmärkte AG</Supplier>
    <Category>Meat/Poultry</Category>
    <Quantity_x0020_Per_x0020_Unit>50 bags x 30 sausgs.</Quantity_x0020_Per_x0020_Unit>
    <Unit_x0020_Price>123.79</Unit_x0020_Price>
  </Table>
  <Table>
    <Product_x0020_ID>30</Product_x0020_ID>
    <Product_x0020_Name>Nord-Ost Matjeshering</Product_x0020_Name>
    <Supplier>Nord-Ost-Fisch Handelsgesellschaft mbH</Supplier>
    <Category>Seafood</Category>
    <Quantity_x0020_Per_x0020_Unit>10 - 200 g glasses</Quantity_x0020_Per_x0020_Unit>
    <Unit_x0020_Price>25.89</Unit_x0020_Price>
  </Table>
  <Table>
    <Product_x0020_ID>31</Product_x0020_ID>
    <Product_x0020_Name>Gorgonzola Telino</Product_x0020_Name>
    <Supplier>Formaggi Fortini s.r.l.</Supplier>
    <Category>Dairy Products</Category>
    <Quantity_x0020_Per_x0020_Unit>12 - 100 g pkgs</Quantity_x0020_Per_x0020_Unit>
    <Unit_x0020_Price>12.5</Unit_x0020_Price>
  </Table>
  <Table>
    <Product_x0020_ID>32</Product_x0020_ID>
    <Product_x0020_Name>Mascarpone Fabioli</Product_x0020_Name>
    <Supplier>Formaggi Fortini s.r.l.</Supplier>
    <Category>Dairy Products</Category>
    <Quantity_x0020_Per_x0020_Unit>24 - 200 g pkgs.</Quantity_x0020_Per_x0020_Unit>
    <Unit_x0020_Price>32</Unit_x0020_Price>
  </Table>
  <Table>
    <Product_x0020_ID>33</Product_x0020_ID>
    <Product_x0020_Name>Geitost</Product_x0020_Name>
    <Supplier>Norske Meierier</Supplier>
    <Category>Dairy Products</Category>
    <Quantity_x0020_Per_x0020_Unit>500 g</Quantity_x0020_Per_x0020_Unit>
    <Unit_x0020_Price>2.5</Unit_x0020_Price>
  </Table>
  <Table>
    <Product_x0020_ID>34</Product_x0020_ID>
    <Product_x0020_Name>Sasquatch Ale</Product_x0020_Name>
    <Supplier>Bigfoot Breweries</Supplier>
    <Category>Beverages</Category>
    <Quantity_x0020_Per_x0020_Unit>24 - 12 oz bottles</Quantity_x0020_Per_x0020_Unit>
    <Unit_x0020_Price>14</Unit_x0020_Price>
  </Table>
  <Table>
    <Product_x0020_ID>35</Product_x0020_ID>
    <Product_x0020_Name>Steeleye Stout</Product_x0020_Name>
    <Supplier>Bigfoot Breweries</Supplier>
    <Category>Beverages</Category>
    <Quantity_x0020_Per_x0020_Unit>24 - 12 oz bottles</Quantity_x0020_Per_x0020_Unit>
    <Unit_x0020_Price>18</Unit_x0020_Price>
  </Table>
  <Table>
    <Product_x0020_ID>36</Product_x0020_ID>
    <Product_x0020_Name>Inlagd Sill</Product_x0020_Name>
    <Supplier>Svensk Sjöföda AB</Supplier>
    <Category>Seafood</Category>
    <Quantity_x0020_Per_x0020_Unit>24 - 250 g  jars</Quantity_x0020_Per_x0020_Unit>
    <Unit_x0020_Price>19</Unit_x0020_Price>
  </Table>
  <Table>
    <Product_x0020_ID>37</Product_x0020_ID>
    <Product_x0020_Name>Gravad lax</Product_x0020_Name>
    <Supplier>Svensk Sjöföda AB</Supplier>
    <Category>Seafood</Category>
    <Quantity_x0020_Per_x0020_Unit>12 - 500 g pkgs.</Quantity_x0020_Per_x0020_Unit>
    <Unit_x0020_Price>26</Unit_x0020_Price>
  </Table>
  <Table>
    <Product_x0020_ID>38</Product_x0020_ID>
    <Product_x0020_Name>Côte de Blaye</Product_x0020_Name>
    <Supplier>Aux joyeux ecclésiastiques</Supplier>
    <Category>Beverages</Category>
    <Quantity_x0020_Per_x0020_Unit>12 - 75 cl bottles</Quantity_x0020_Per_x0020_Unit>
    <Unit_x0020_Price>263.5</Unit_x0020_Price>
  </Table>
</NewDataSet>