﻿<?xml version="1.0" encoding="utf-8" ?>
<_>

  <input>
    <_></_>
    <_>
      <input-section/>
    </_>
  </input>

  <input-section>
    <_>
      <input-section/>
      <input-section-part/>
    </_>
    <_>
      <input-section-part/>
    </_>
  </input-section>

  <input-section-part>
    <_>
      <input-elements opt="true"/>
      <new-line/>
    </_>
    <_>
      <pp-directive/>
    </_>
  </input-section-part>

  <input-elements>
    <_>
      <input-elements/>
      <input-element/>
    </_>
    <_>
      <input-element/>
    </_>
  </input-elements>

  <input-element>
    <_>
      <whitespace/>
    </_>
    <_>
      <comment/>
    </_>
    <_>
      <token/>
    </_>
  </input-element>

  <new-line>
    <_>#x000D</_>
    <_>#x000A</_>
    <_>#x000D</_>
    <_>#x000D#x000A</_>
    <_>#x0085</_>
    <_>#x2028</_>
    <_>#x2029</_>
  </new-line>


  <comment>
    <_>
      <single-line-comment/>
    </_>
    <_>
      <delimited-comment/>
    </_>
  </comment>

  <single-line-comment>
    <_>
      <single-line-comment-start inline="//"/>
      <input-characters opt="true"/>
    </_>
  </single-line-comment>

  <input-characters>
    <_>
      <input-characters/>
      <input-character/>
    </_>
    <_>
      <input-character/>
    </_>
  </input-characters>

  <input-character>
    <_>
      <new-line-character operation="exclude"/>
    </_>
  </input-character>

  <new-line-character>
    <_>#x000D</_>
    <_>#x000A</_>
    <_>#x000D</_>
    <_>#x0085</_>
    <_>#x2028</_>
    <_>#x2029</_>
  </new-line-character>

  <delimited-comment>
    <_>
      <delimited-comment-start inline="/*"/>
      <delimited-comment-text opt="true"/>
      <asterisks/>
      <delimited-comment-end inline="/"/>
    </_>
  </delimited-comment>

  <delimited-comment-text>
    <_>
      <delimited-comment-section/>
    </_>
    <_>
      <delimited-comment-text/>
      <delimited-comment-section/>
    </_>
  </delimited-comment-text>

  <delimited-comment-section>
    <_>
      <secton-slash inline="/"/>
    </_>
    <_>
      <asterisks opt="true"/>
      <not-slash-or-asterisk/>
    </_>
  </delimited-comment-section>

  <not-slash-or-asterisk>
    <_>
      <section-slash operation="exclude"/>
    </_>
    <_>
      <asterisks operation="exclude"/>
    </_>
  </not-slash-or-asterisk>

  <asterisks>
    <_>
      <asterisks/>
      <asterisk/>
    </_>
    <_>
      <asterisk/>
    </_>
  </asterisks>

  <asterisk>
    <_>*</_>
  </asterisk>

  <whitespace>
    <_ type="Unicode Class">Zs</_>
    <_>#x0009</_>
    <_>#x000B</_>
    <_>#x000C</_>
  </whitespace>

  <token>
    <_>
      <identifier/>
    </_>
    <_>
      <keyword/>
    </_>
    <_>
      <integer-literal/>
    </_>
    <_>
      <real-literal/>
    </_>
    <_>
      <character-literal/>
    </_>
    <_>
      <string-literal/>
    </_>
    <_>
      <operator-or-punctuator/>
    </_>
  </token>

  <unicode-escape-sequence>
    <_>
      <unicode-start-short inline="\u"/>
      <hex-digit/>
      <hex-digit/>
      <hex-digit/>
      <hex-digit/>
    </_>
    <_>
      <unicode-start-long inline="\U"/>
      <hex-digit/>
      <hex-digit/>
      <hex-digit/>
      <hex-digit/>
      <hex-digit/>
      <hex-digit/>
      <hex-digit/>
      <hex-digit/>
    </_>
  </unicode-escape-sequence>

  <identifier>
    <_>
      <available-identifier/>
    </_>
    <_>
      <at_sign inline="@"/>
      <identifier-or-keyword/>
    </_>
  </identifier>

  <!--注意：这里有问题，原定义为 不是 keyword 的 identifier-or-keyword。这个情况无法用BNF处理
        这个问题稍后处理
      -->
  <available-identifier>
    <_>
      <keyword operation="exclude"/>
    </_>
  </available-identifier>

  <identifier-or-keyword>
    <_>
      <identifier-start-character/>
      <identifier-part-characters opt="true"/>
    </_>
  </identifier-or-keyword>

  <identifier-start-character>
    <_>
      <letter-char/>
    </_>
    <_>_</_>
  </identifier-start-character>

  <identifier-part-characters>
    <_>
      <identifier-part-characters/>
      <identifier-part-character/>
    </_>
    <_>
      <identifier-part-character/>
    </_>
  </identifier-part-characters>


  <identifier-part-character>
    <_>
      <letter-character/>
    </_>
    <_>
      <decimal-digit-character/>
    </_>
    <_>
      <connecting-character/>
    </_>
    <_>
      <combining-character/>
    </_>
    <_>
      <formatting-character/>
    </_>
  </identifier-part-character>

  <!--需要特殊的处理-->
  <letter-character>
    <_ type="Unicode Class" alt="unicode-escape-sequence">Lu</_>
    <_ type="Unicode Class" alt="unicode-escape-sequence">Ll</_>
    <_ type="Unicode Class" alt="unicode-escape-sequence">Lt</_>
    <_ type="Unicode Class" alt="unicode-escape-sequence">Lm</_>
    <_ type="Unicode Class" alt="unicode-escape-sequence">Lo</_>
    <_ type="Unicode Class" alt="unicode-escape-sequence">Nl</_>
  </letter-character>
  <combining-character>
    <_ type="Unicode Class" alt="unicode-escape-sequence">Mn</_>
    <_ type="Unicode Class" alt="unicode-escape-sequence">Mc</_>
  </combining-character>
  <decimal-digit-characte>
    <_ type="Unicode Class" alt="unicode-escape-sequence">Nd</_>
  </decimal-digit-characte>
  <connecting-character>
    <_ type="Unicode Class" alt="unicode-escape-sequence">Pc</_>
  </connecting-character>
  <formatting-character>
    <_ type="Unicode Class" alt="unicode-escape-sequence">Cf</_>
  </formatting-character>
  <keyword>
    <_>abstract</_>
    <_>as</_>
    <_>base</_>
    <_>bool</_>
    <_>break</_>
    <_>byte</_>
    <_>case</_>
    <_>catch</_>
    <_>char</_>
    <_>checked</_>
    <_>class</_>
    <_>const</_>
    <_>continue</_>
    <_>decimal</_>
    <_>default</_>
    <_>delegate</_>
    <_>do</_>
    <_>double</_>
    <_>else</_>
    <_>enum</_>
    <_>event</_>
    <_>explicit</_>
    <_>extern</_>
    <_>false</_>
    <_>finally</_>
    <_>fixed</_>
    <_>float</_>
    <_>for</_>
    <_>foreach</_>
    <_>goto</_>
    <_>if</_>
    <_>implicit</_>
    <_>in</_>
    <_>int</_>
    <_>interface</_>
    <_>internal</_>
    <_>is</_>
    <_>lock</_>
    <_>long</_>
    <_>namespace</_>
    <_>new</_>
    <_>null</_>
    <_>object</_>
    <_>operator</_>
    <_>out</_>
    <_>override</_>
    <_>params</_>
    <_>private</_>
    <_>protected</_>
    <_>public</_>
    <_>readonly</_>
    <_>ref</_>
    <_>return</_>
    <_>sbyte</_>
    <_>sealed</_>
    <_>short</_>
    <_>sizeof</_>
    <_>stackalloc</_>
    <_>static</_>
    <_>string</_>
    <_>struct</_>
    <_>switch</_>
    <_>this</_>
    <_>throw</_>
    <_>true</_>
    <_>try</_>
    <_>typeof</_>
    <_>uint</_>
    <_>ulong</_>
    <_>unchecked</_>
    <_>unsafe</_>
    <_>ushort</_>
    <_>using</_>
    <_>virtual</_>
    <_>void</_>
    <_>volatile</_>
    <_>while</_>
  </keyword>


  <literal>
    <_>
      <boolean-literal/>
    </_>
    <_>
      <integer-literal/>
    </_>
    <_>
      <real-literal/>
    </_>
    <_>
      <character-literal/>
    </_>
    <_>
      <string-literal/>
    </_>
    <_>
      <null-literal/>
    </_>
  </literal>

  <boolean-literal>
    <_>
      <true inline="true"/>
    </_>
    <_>
      <false inline="false"/>
    </_>
  </boolean-literal>

  <integer-literal>
    <_>
      <decimal-integer-literal/>
    </_>
    <_>
      <hexadecimal-integer-literal/>
    </_>
  </integer-literal>

  <decimal-integer-literal>
    <_>
      <decimal-digits/>
      <integer-type-suffix opt="true"/>
    </_>
  </decimal-integer-literal>

  <decimal-digits>
    <_>
      <decimal-digits/>
      <decimal-digit/>
    </_>
    <_>
      <decimal-digit/>
    </_>
  </decimal-digits>

  <decimal-digit>
    <_>0</_>
    <_>1</_>
    <_>2</_>
    <_>3</_>
    <_>4</_>
    <_>5</_>
    <_>6</_>
    <_>7</_>
    <_>8</_>
    <_>9</_>
  </decimal-digit>
  <integer-type-suffix>
    <_>U</_>
    <_>u</_>
    <_>L</_>
    <_>l</_>
    <_>UL</_>
    <_>Ul</_>
    <_>uL</_>
    <_>ul</_>
    <_>LU</_>
    <_>Lu</_>
    <_>lU</_>
    <_>lu</_>
  </integer-type-suffix>

  <hexadecimal-integer-literal>
    <_>
      <hex-prefix-lower inline="0x"/>
      <hex-digits/>
      <integer-type-suffix opt="true"/>
    </_>
    <_>
      <hex-prefix-upper inline="0X"/>
      <hex-digits/>
      <integer-type-suffix opt="true"/>
    </_>
  </hexadecimal-integer-literal>

  <hex-digits>
    <_>
      <hex-digits/>
      <hex-digit/>
    </_>
    <_>
      <hex-digit/>
    </_>
  </hex-digits>

  <hex-digit>
    <_>0</_>
    <_>1</_>
    <_>2</_>
    <_>3</_>
    <_>4</_>
    <_>5</_>
    <_>6</_>
    <_>7</_>
    <_>8</_>
    <_>9</_>
    <_>a</_>
    <_>b</_>
    <_>c</_>
    <_>d</_>
    <_>e</_>
    <_>f</_>
    <_>A</_>
    <_>B</_>
    <_>C</_>
    <_>D</_>
    <_>E</_>
    <_>F</_>
  </hex-digit>

  <real-literal>
    <_>
      <decimal-digits/>
      <dot inline="."/>
      <decimal-digits/>
      <exponent-part opt="true"/>
      <real-type-suffix opt="true"/>
    </_>
    <_>
      <dot inline="."/>
      <decimal-digits/>
      <exponent-part opt="true"/>
      <real-type-suffix opt="true"/>
    </_>
    <_>
      <decimal-digits/>
      <exponent-part opt="true"/>
      <real-type-suffix opt="true"/>
    </_>
    <_>
      <decimal-digits/>
      <real-type-suffix opt="true"/>
    </_>
  </real-literal>

  <exponent-part>
    <_>
      <exp_sign_lower inline="e"/>
      <sign opt="true"/>
      <decimal-digit/>
    </_>
    <_>
      <exp_sign_upper inline="E"/>
      <sign opt="true"/>
      <decimal-digit/>
    </_>
  </exponent-part>

  <sign>
    <_>+</_>
    <_>-</_>
  </sign>

  <real-type-suffix>
    <_>F</_>
    <_>f</_>
    <_>D</_>
    <_>d</_>
    <_>M</_>
    <_>m</_>
  </real-type-suffix>

  <character-literal>
    <_>
      <left_single_quote inline="'"/>
      <character/>
      <right_signle_quote inline="'"/>
    </_>
  </character-literal>

  <character>
    <_>
      <single-character/>
    </_>
    <_>
      <simple-escape-sequence/>
    </_>
    <_>
      <hexadecimal-escape-sequence/>
    </_>
    <_>
      <unicode-escape-sequence/>
    </_>
  </character>

  <single-character>
    <_>
      <!--需要特殊处理：除 '(U+0027)、\ (U+005C) 和 new-line-character 之外的任何字符-->
    </_>
  </single-character>

  <simple-escape-sequence>
    <_>\'</_>
    <_>\"</_>
    <_>\\</_>
    <_>\0</_>
    <_>\a</_>
    <_>\b</_>
    <_>\f</_>
    <_>\n</_>
    <_>\r</_>
    <_>\t</_>
    <_>\v</_>
  </simple-escape-sequence>

  <hexadecimal-escape-sequence>
    <_>
      <hexadecimal-escape-sequence-start inline="\x"/>
      <hex-digit/>
      <hex-digit opt="true"/>
      <hex-digit opt="true"/>
      <hex-digit opt="true"/>
    </_>
  </hexadecimal-escape-sequence>


  <string-literal>
    <_>
      <regular-string-literal/>
    </_>
    <_>
      <verbatim-string-literal/>
    </_>
  </string-literal>

  <regular-string-literal>
    <_>
      <regular-string-literal-start-quote inline="&quot;"/>
      <regular-string-literal-characters opt="true"/>
      <regular-string-literal-end-quote inline="&quot;"/>
    </_>
  </regular-string-literal>

  <regular-string-literal-characters>
    <_>
      <regular-string-literal-characters/>
      <regular-string-literal-character/>
    </_>
    <_>
      <regular-string-literal-characte/>
    </_>
  </regular-string-literal-characters>

  <regular-string-literal-character>
    <_>single-regular-string-literal-character</_>
    <_>simple-escape-sequence</_>
    <_>hexadecimal-escape-sequence</_>
    <_>unicode-escape-sequence</_>
  </regular-string-literal-character>

  <single-regular-string-literal-character>
    <_>
      <!--除 " (U+0022)、\ (U+005C) 和 new-line-character 之外的任何字符-->
    </_>
  </single-regular-string-literal-character>

  <verbatim-string-literal>
    <_>
      <verbatim-string-literal-at inline="@"/>
      <verbatim-string-literal-start-quote inline="&quot;"/>
      <verbatim-string-literal-characters opt="true"/>
      <verbatim-string-literal-end-quote inline="&quot;"/>
    </_>
  </verbatim-string-literal>

  <verbatim-string-literal-characters>
    <_>
      <verbatim-string-literal-characters/>
      <verbatim-string-literal-character/>
    </_>
    <_>
      <verbatim-string-literal-character/>
    </_>
  </verbatim-string-literal-characters>

  <verbatim-string-literal-character>
    <_>
      <single-verbatim-string-literal-character/>
    </_>
    <_>
      <quote-escape-sequence/>
    </_>
  </verbatim-string-literal-character>

  <single-verbatim-string-literal-character>
    <_>
      <!--除 " 之外的任何字符-->
    </_>
  </single-verbatim-string-literal-character>

  <quote-escape-sequence>
    <_>""</_>
  </quote-escape-sequence>

  <null-literal>
    <_>null</_>
  </null-literal>

  <operator-or-punctuator>
    <_>{</_>
    <_>}</_>
    <_>[</_>
    <_>]</_>
    <_>(</_>
    <_>)</_>
    <_>.</_>
    <_>,</_>
    <_>:</_>
    <_>;</_>
    <_>+</_>
    <_>-</_>
    <_>*</_>
    <_>/</_>
    <_>%</_>
    <_>&amp;</_>
    <_>|</_>
    <_>^</_>
    <_>!</_>
    <_>~</_>
    <_>=</_>
    <_>&lt;</_>
    <_>&gt;</_>
    <_>?</_>
    <_>??</_>
    <_>::</_>
    <_>++</_>
    <_>--</_>
    <_>&amp;</_>
    <_>||</_>
    <_>-&gt;</_>
    <_>==</_>
    <_>!=</_>
    <_>&lt;=</_>
    <_>&gt;=</_>
    <_>+=</_>
    <_>-=</_>
    <_>*=</_>
    <_>/=</_>
    <_>%=</_>
    <_>&amp;=</_>
    <_>|=</_>
    <_>^=</_>
    <_>&lt;&lt;</_>
    <_>&lt;&lt;=</_>
    <_>=&gt;</_>

  </operator-or-punctuator>

  <right-shift>
    <_>&gt;|&gt;</_>
  </right-shift>
  <right-shift-assignment>
    <_>&gt;|&gt;=</_>
  </right-shift-assignment>


  <pp-directive>
    <_>
      <pp-declaration/>
    </_>
    <_>
      <pp-conditional/>
    </_>
    <_>
      <pp-line/>
    </_>
    <_>
      <pp-diagnostic/>
    </_>
    <_>
      <pp-region/>
    </_>
    <_>
      <pp-pragma/>
    </_>
  </pp-directive>

  <conditional-symbol>
    <_>
      <!--除 true 或 false 外的任何 identifier-or-keyword-->
    </_>
  </conditional-symbol>

  <pp-expression>
    <_>
      <whitespace opt="true"/>
      <pp-or-expression/>
      <whitespace opt="true"/>
    </_>
  </pp-expression>

  <pp-or-expression>
    <_>
      <pp-and-expression/>
    </_>
    <_>
      <pp-or-expression/>
      <whitespace opt="true"/>
      <pp-or-operator inline="||"/>
      <whitespace opt="true"/>
      <pp-and-expression/>
    </_>
  </pp-or-expression>

  <pp-and-expression>
    <_>
      <pp-equality-expression/>
    </_>
    <_>
      <pp-and-expression/>
      <whitespace opt="true"/>
      <pp-or-operator inline="&amp;&amp;"/>
      <whitespace opt="true"/>
      <pp-equality-expression/>
    </_>
  </pp-and-expression>

  <pp-equality-expression>
    <_>
      <pp-unary-expression/>
    </_>
    <_>
      <pp-equality-expression/>
      <whitespace opt="true"/>
      <pp-or-operator inline="=="/>
      <whitespace opt="true"/>
      <pp-unary-expression/>
    </_>
    <_>
      <pp-equality-expression/>
      <whitespace opt="true"/>
      <pp-or-operator inline="!="/>
      <whitespace opt="true"/>
      <pp-unary-expression/>
    </_>
  </pp-equality-expression>

  <pp-unary-expression>
    <_>
      <pp-primary-expression/>
    </_>
    <_>
      <pp-not-operator inline="!"/>
      <whitespace opt="true"/>
      <pp-unary-expression/>
    </_>
  </pp-unary-expression>

  <pp-primary-expression>
    <_>
      <pp-primary-expression-true inline="true"/>
    </_>
    <_>
      <pp-primary-expression-true inline="false"/>
    </_>
    <_>
      <conditional-symbol/>
    </_>
    <_>
      <pp-primary-expression_left_paran inline="("/>
      <whitespace opt="true"/>
      <pp-expression/>
      <whitespace opt="true"/>
      <pp-primary-expression_right inline=")"/>
    </_>
  </pp-primary-expression>

  <!--

      pp-declaration:
      whitespaceopt   #   whitespaceopt   define   whitespace   conditional-symbol   pp-new-line
      whitespaceopt   #   whitespaceopt   undef   whitespace   conditional-symbol   pp-new-line
      pp-new-line:
      whitespaceopt   single-line-commentopt   new-line
      pp-conditional:
      pp-if-section   pp-elif-sectionsopt   pp-else-sectionopt   pp-endif
      pp-if-section:
      whitespaceopt   #   whitespaceopt   if   whitespace   pp-expression   pp-new-line   conditional-sectionopt
      pp-elif-sections:
      pp-elif-section
      pp-elif-sections   pp-elif-section
      pp-elif-section:
      whitespaceopt   #   whitespaceopt   elif   whitespace   pp-expression   pp-new-line   conditional-sectionopt
      pp-else-section:
      whitespaceopt   #   whitespaceopt   else   pp-new-line   conditional-sectionopt
      pp-endif:
      whitespaceopt   #   whitespaceopt   endif   pp-new-line
      conditional-section:
      input-section
      skipped-section
      skipped-section:
      skipped-section-part
      skipped-section   skipped-section-part
      skipped-section-part:
      skipped-charactersopt   new-line
      pp-directive
      skipped-characters:
      whitespaceopt   not-number-sign   input-charactersopt
      not-number-sign:
      除 # 外的任何 input-character
      pp-diagnostic:
      whitespaceopt   #   whitespaceopt   error   pp-message
      whitespaceopt   #   whitespaceopt   warning   pp-message
      pp-message:
      new-line
      whitespace   input-charactersopt   new-line
      pp-region:
      pp-start-region   conditional-sectionopt   pp-end-region
      pp-start-region:
      whitespaceopt   #   whitespaceopt   region   pp-message
      pp-end-region:
      whitespaceopt   #   whitespaceopt   endregion   pp-message
      pp-line:
      whitespaceopt   #   whitespaceopt   line   whitespace   line-indicator   pp-new-line
      line-indicator:
      decimal-digits   whitespace   file-name 
      decimal-digits
      default 
      hidden
      file-name:
      "   file-name-characters   "
      file-name-characters:
      file-name-character
      file-name-characters   file-name-character
      file-name-character:
      除 " 之外的任何 input-character
      pp-pragma:
      whitespaceopt   #   whitespaceopt   pragma   whitespace   pragma-body   pp-new-line
      pragma-body:
      pragma-warning-body
      pragma-warning-body:
      warning   whitespace   warning-action
      warning   whitespace   warning-action   whitespace   warning-list
      warning-action:
      disable
      restore
      warning-list:
      decimal-digits
      warning-list   whitespaceopt   ,   whitespaceopt   decimal-digits

    -->

</_>
