<?xml version="1.0" encoding="UTF-8"?>
<project xmlns="http://www.netbeans.org/ns/project/1">
    <type>org.netbeans.modules.apisupport.project</type>
    <configuration>
        <data xmlns="http://www.netbeans.org/ns/nb-module-project/3">
            <code-name-base>c</code-name-base>
            <suite-component/>
            <module-dependencies/>
            <public-packages>
                <package>cern.clhep</package>
                <package>cern.colt</package>
                <package>cern.colt.bitvector</package>
                <package>cern.colt.buffer</package>
                <package>cern.colt.function</package>
                <package>cern.colt.list</package>
                <package>cern.colt.list.adapter</package>
                <package>cern.colt.map</package>
                <package>cern.colt.matrix</package>
                <package>cern.colt.matrix.bench</package>
                <package>cern.colt.matrix.doublealgo</package>
                <package>cern.colt.matrix.impl</package>
                <package>cern.colt.matrix.linalg</package>
                <package>cern.colt.matrix.objectalgo</package>
                <package>cern.jet.math</package>
                <package>cern.jet.random</package>
                <package>cern.jet.random.engine</package>
                <package>cern.jet.random.sampling</package>
                <package>cern.jet.stat</package>
                <package>cern.jet.stat.quantile</package>
                <package>com.thoughtworks.xstream</package>
                <package>com.thoughtworks.xstream.alias</package>
                <package>com.thoughtworks.xstream.annotations</package>
                <package>com.thoughtworks.xstream.converters</package>
                <package>com.thoughtworks.xstream.converters.basic</package>
                <package>com.thoughtworks.xstream.converters.collections</package>
                <package>com.thoughtworks.xstream.converters.enums</package>
                <package>com.thoughtworks.xstream.converters.extended</package>
                <package>com.thoughtworks.xstream.converters.javabean</package>
                <package>com.thoughtworks.xstream.converters.reflection</package>
                <package>com.thoughtworks.xstream.core</package>
                <package>com.thoughtworks.xstream.core.util</package>
                <package>com.thoughtworks.xstream.io</package>
                <package>com.thoughtworks.xstream.io.binary</package>
                <package>com.thoughtworks.xstream.io.copy</package>
                <package>com.thoughtworks.xstream.io.json</package>
                <package>com.thoughtworks.xstream.io.path</package>
                <package>com.thoughtworks.xstream.io.xml</package>
                <package>com.thoughtworks.xstream.io.xml.xppdom</package>
                <package>com.thoughtworks.xstream.mapper</package>
                <package>com.thoughtworks.xstream.persistence</package>
                <package>corejava</package>
                <package>edu.uci.ics.jung.algorithms.blockmodel</package>
                <package>edu.uci.ics.jung.algorithms.cluster</package>
                <package>edu.uci.ics.jung.algorithms.filters</package>
                <package>edu.uci.ics.jung.algorithms.flows</package>
                <package>edu.uci.ics.jung.algorithms.generators</package>
                <package>edu.uci.ics.jung.algorithms.generators.random</package>
                <package>edu.uci.ics.jung.algorithms.importance</package>
                <package>edu.uci.ics.jung.algorithms.layout</package>
                <package>edu.uci.ics.jung.algorithms.layout.util</package>
                <package>edu.uci.ics.jung.algorithms.matrix</package>
                <package>edu.uci.ics.jung.algorithms.metrics</package>
                <package>edu.uci.ics.jung.algorithms.scoring</package>
                <package>edu.uci.ics.jung.algorithms.scoring.util</package>
                <package>edu.uci.ics.jung.algorithms.shortestpath</package>
                <package>edu.uci.ics.jung.algorithms.transformation</package>
                <package>edu.uci.ics.jung.algorithms.util</package>
                <package>edu.uci.ics.jung.graph</package>
                <package>edu.uci.ics.jung.graph.event</package>
                <package>edu.uci.ics.jung.graph.util</package>
                <package>edu.uci.ics.jung.visualization</package>
                <package>edu.uci.ics.jung.visualization.annotations</package>
                <package>edu.uci.ics.jung.visualization.control</package>
                <package>edu.uci.ics.jung.visualization.decorators</package>
                <package>edu.uci.ics.jung.visualization.layout</package>
                <package>edu.uci.ics.jung.visualization.picking</package>
                <package>edu.uci.ics.jung.visualization.renderers</package>
                <package>edu.uci.ics.jung.visualization.subLayout</package>
                <package>edu.uci.ics.jung.visualization.transform</package>
                <package>edu.uci.ics.jung.visualization.transform.shape</package>
                <package>edu.uci.ics.jung.visualization.util</package>
                <package>hep.aida</package>
                <package>hep.aida.bin</package>
                <package>hep.aida.ref</package>
                <package>org.apache.commons.collections15</package>
                <package>org.apache.commons.collections15.bag</package>
                <package>org.apache.commons.collections15.bidimap</package>
                <package>org.apache.commons.collections15.buffer</package>
                <package>org.apache.commons.collections15.collection</package>
                <package>org.apache.commons.collections15.comparators</package>
                <package>org.apache.commons.collections15.functors</package>
                <package>org.apache.commons.collections15.iterators</package>
                <package>org.apache.commons.collections15.keyvalue</package>
                <package>org.apache.commons.collections15.list</package>
                <package>org.apache.commons.collections15.map</package>
                <package>org.apache.commons.collections15.multimap</package>
                <package>org.apache.commons.collections15.set</package>
                <package>org.apache.commons.io</package>
                <package>org.apache.commons.io.filefilter</package>
                <package>org.apache.commons.io.input</package>
                <package>org.apache.commons.io.output</package>
                <package>org.jdesktop.application</package>
                <package>org.jdesktop.swingworker</package>
                <package>org.netbeans.lib.awtextra</package>
                <package>org.netbeans.modules.java.j2seproject.copylibstask</package>
            </public-packages>
            <class-path-extension>
                <runtime-relative-path>ext/xstream-1.3.1.jar</runtime-relative-path>
                <binary-origin>release/modules/ext/xstream-1.3.1.jar</binary-origin>
            </class-path-extension>
            <class-path-extension>
                <runtime-relative-path>ext/colt-1.2.0.jar</runtime-relative-path>
                <binary-origin>release/modules/ext/colt-1.2.0.jar</binary-origin>
            </class-path-extension>
            <class-path-extension>
                <runtime-relative-path>ext/jung-graph-impl-2.0.jar</runtime-relative-path>
                <binary-origin>release/modules/ext/jung-graph-impl-2.0.jar</binary-origin>
            </class-path-extension>
            <class-path-extension>
                <runtime-relative-path>ext/appframework-1.0.3.jar</runtime-relative-path>
                <binary-origin>release/modules/ext/appframework-1.0.3.jar</binary-origin>
            </class-path-extension>
            <class-path-extension>
                <runtime-relative-path>ext/commons-io-1.3.2.jar</runtime-relative-path>
                <binary-origin>release/modules/ext/commons-io-1.3.2.jar</binary-origin>
            </class-path-extension>
            <class-path-extension>
                <runtime-relative-path>ext/AbsoluteLayout.jar</runtime-relative-path>
                <binary-origin>release/modules/ext/AbsoluteLayout.jar</binary-origin>
            </class-path-extension>
            <class-path-extension>
                <runtime-relative-path>ext/jung-visualization-2.0.jar</runtime-relative-path>
                <binary-origin>release/modules/ext/jung-visualization-2.0.jar</binary-origin>
            </class-path-extension>
            <class-path-extension>
                <runtime-relative-path>ext/swing-worker-1.1.jar</runtime-relative-path>
                <binary-origin>release/modules/ext/swing-worker-1.1.jar</binary-origin>
            </class-path-extension>
            <class-path-extension>
                <runtime-relative-path>ext/org-netbeans-modules-java-j2seproject-copylibstask.jar</runtime-relative-path>
                <binary-origin>release/modules/ext/org-netbeans-modules-java-j2seproject-copylibstask.jar</binary-origin>
            </class-path-extension>
            <class-path-extension>
                <runtime-relative-path>ext/collections-generic-4.01.jar</runtime-relative-path>
                <binary-origin>release/modules/ext/collections-generic-4.01.jar</binary-origin>
            </class-path-extension>
            <class-path-extension>
                <runtime-relative-path>ext/jung-algorithms-2.0.jar</runtime-relative-path>
                <binary-origin>release/modules/ext/jung-algorithms-2.0.jar</binary-origin>
            </class-path-extension>
            <class-path-extension>
                <runtime-relative-path>ext/jung-api-2.0.jar</runtime-relative-path>
                <binary-origin>release/modules/ext/jung-api-2.0.jar</binary-origin>
            </class-path-extension>
        </data>
    </configuration>
</project>
