<?xml version="1.0" encoding="UTF-8"?>
<project xmlns="http://www.netbeans.org/ns/project/1">
    <type>org.netbeans.modules.apisupport.project</type>
    <configuration>
        <data xmlns="http://www.netbeans.org/ns/nb-module-project/3">
            <code-name-base>java.ocr</code-name-base>
            <suite-component/>
            <module-dependencies/>
            <public-packages>
                <package>net.sourceforge.javaocr</package>
                <package>net.sourceforge.javaocr.gui</package>
                <package>net.sourceforge.javaocr.gui.characterExtractor</package>
                <package>net.sourceforge.javaocr.gui.characterTracer</package>
                <package>net.sourceforge.javaocr.gui.handwritingRecognizer</package>
                <package>net.sourceforge.javaocr.gui.lineExtractor</package>
                <package>net.sourceforge.javaocr.gui.meanSquareOCR</package>
                <package>net.sourceforge.javaocr.ocrPlugins</package>
                <package>net.sourceforge.javaocr.ocrPlugins.aspectRatio</package>
                <package>net.sourceforge.javaocr.ocrPlugins.handWriting</package>
                <package>net.sourceforge.javaocr.ocrPlugins.mseOCR</package>
                <package>net.sourceforge.javaocr.scanner</package>
                <package>net.sourceforge.javaocr.scanner.accuracy</package>
            </public-packages>
            <class-path-extension>
                <runtime-relative-path>ext/JavaOCR.jar</runtime-relative-path>
                <binary-origin>release/modules/ext/JavaOCR.jar</binary-origin>
            </class-path-extension>
        </data>
    </configuration>
</project>
