﻿<?xml version="1.0" encoding="utf-8"?>
<Assemblies Version="1073741836">
  <Assembly Name="System.Core, Version=3.5.0.0, Culture=neutral, PublicKeyToken=b77a5c561934e089" Image="6e092885-2561-4301-916c-b75ec9d76d71" Timestamp="633529860480000000" XmlDocIndexTimestamp="633490183300000000" />
  <Assembly Name="System.Xml.Linq, Version=3.5.0.0, Culture=neutral, PublicKeyToken=b77a5c561934e089" Image="c9af689a-75d5-4089-aa06-05e06036972e" Timestamp="633529860480000000" XmlDocIndexTimestamp="633490183300000000" />
  <Assembly Name="System.Data.DataSetExtensions, Version=3.5.0.0, Culture=neutral, PublicKeyToken=b77a5c561934e089" Image="c50d96d6-6b23-4f7b-adc5-bcefe018c742" Timestamp="633529860480000000" XmlDocIndexTimestamp="633490183300000000" />
  <Assembly Name="FSharp.Core, Version=1.9.6.2, Culture=neutral, PublicKeyToken=a19089b1c74d0809" Image="261b0762-014c-49b2-9cce-42c1609d19a8" Timestamp="633561488400000000" XmlDocIndexTimestamp="633561477240000000" />
  <Assembly Name="System.Threading, Version=1.0.3058.34407, Culture=neutral, PublicKeyToken=31bf3856ad364e35" Image="1ebf6d3e-eb6d-4345-a536-daf50bb0bf5d" Timestamp="633466256380000000" XmlDocIndexTimestamp="633475203040000000" />
  <Assembly Name="JetBrains.Annotations, Version=4.1.933.3, Culture=neutral, PublicKeyToken=1010a0d8d6380325" Image="fdfcfe94-3372-4192-bc05-f27871ee3846" Timestamp="633559886920000000" XmlDocIndexTimestamp="633559886920000000" />
  <Assembly Name="FSharp.PowerPack, Version=1.9.6.2, Culture=neutral, PublicKeyToken=a19089b1c74d0809" Image="129cf7e4-ce32-44d6-bf5b-d3184464900e" Timestamp="633561488400000000" XmlDocIndexTimestamp="633561477320000000" />
  <Assembly Name="FSharp.PowerPack.Linq, Version=1.9.6.2, Culture=neutral, PublicKeyToken=a19089b1c74d0809" Image="343afb7a-1153-4432-a729-4a6cfd2a2089" Timestamp="633561488380000000" XmlDocIndexTimestamp="633561477400000000" />
</Assemblies>