﻿<?xml version="1.0"?>
<WebPartManifest xmlns="http://schemas.microsoft.com/WebPart/v2/Manifest">
  <Assemblies>
    <Assembly FileName="ASPNETLibrary.SharePoint.WebParts.dll">
      <SafeControls>
        <SafeControl
          Assembly="ASPNETLibrary.SharePoint.WebParts, Version=1.0.0.0, Culture=neutral, PublicKeyToken=fbf2c912531db231"
          Namespace="ASPNETLibrary.SharePoint.WebParts"
          TypeName="*"
        />
      </SafeControls>
    </Assembly>
    <Assembly FileName="BaseSkinnedWebPartSamples.dll">
      <SafeControls>
        <SafeControl
          Assembly="BaseSkinnedWebPartSamples, Version=1.0.0.0, Culture=neutral, PublicKeyToken=9f4da00116c38ec5"
          Namespace="ASPNETLibrary.SharePoint.WebParts.Samples.BaseSkinnedWebPartSamples"
          TypeName="*"
        />
      </SafeControls>
    </Assembly>
  </Assemblies>
  <DwpFiles>
	  <DwpFile FileName="BaseSkinnedWebPartSample1.dwp"/>
	  <DwpFile FileName="BaseSkinnedWebPartSample2.dwp"/>
  </DwpFiles>
</WebPartManifest>