﻿<?xml version="1.0" encoding="utf-8" ?>
<Samples>
  <Sample Language="German">
    <Text>
      Stelle dir vor, o Teurer, es umfasse die enge Klause, in der wir
      weilen, die ganze Welt, und es sei kein empfindendes Wesen darin; was
      wäre auszusagen?
      Nichts; ohne Empfindung kein Urteil.
      Du betrittst den Raum--und aus dem Nichts schafft sich Erscheinung,
      Bewegung und Gestaltung; Körper, Eigenschaften, Kräfte, Wirkung,
      Entfaltung, Leben in endloser Fülle und endlosem Wechsel; aus deiner
      Empfindung--die Welt.
      Alsbald erscheint dir dieser Raum groß oder klein, hoch oder
      niedrig, hell oder dunkel, heiß oder kühl, schön oder häßlich oder in
      irgend einer Beziehung deinen Sinnen erwünscht oder unerwünscht, und
      zwischen diesen Gegensätzen alle Abstufung deiner Empfindung. Den
      Boden, auf dem du stehst, fühlst du unter dir, die Decke siehst du
      über dir; die Pforte, durch die du eingetreten bist, ist hinter dir;
      vor dir, weiten Ausblick gewährend, der offene Bogen; diese
      geschlossene Wand hier ist zur Linken, jenes die rechte Seite des
      Raumes.
      Dies sind Bezeichnungen, Urteile, die unbestreitbar scheinen,--
      dennoch, sobald jemand dir gegenüber tritt, behauptet er, die Seite,
      die du mit rechts bezeichnest, sei die linke, und nennt die Wand, die
      du links nennst, die rechte. Beider Urteile können nicht zutreffend
      sein; sie widersprechen sich, sind Gegensätze, die einander
      ausschließen, zu nichts aufheben.
      Hier geschieht das Wunder, daß eines mit einer bestimmten
      Bezeichnung und gleichzeitig mit dem Gegenteile dieser Bezeichnung
      belegt wird. Wer von den Urteilenden hat recht? Keiner--oder, wenn
      du willst, beide. Die Wand ist beides: rechts und links, also auch
      keines von beiden, weder rechts noch links.
      Keine Lösung, auch wenn etwa der Gegenüberstehende zu dir
      herüberträte und nun, in gleicher Stellung wie du, dir und deinem
      Urteil beistimmte. Gesetzt, es traten noch mehr zu dir, einsichtige
      Männer, gelehrte Brahmanen, solche, die sich für Wissende halten, und
      alle waren eines Urteils: die bezeichnete Wand des Raumes sei die
      rechte;--wenn von allen zahllosen Wesen seit Zeiträumen ohne Zahl
      nie anders erkannt worden, wenn es ein ewiger Glaubenssatz der
      Menschheit wäre und hieße frevelhaft daran zu rühren--die Wand
      bleibt, was sie wahrhaft ist, weder das eine noch das andre, weder
      rechts noch links.
      Alle die, welche mit dir in der Benennung der Wand übereinstimmen,
      stehen mit dir auf gleichem Stand, vertreten deinen Standpunkt, sind
      deine Standesgenossen, nichts mehr. Wechselst du deinen Standort und
      trittst dir selbst gegenüber, so widersprichst du dem eigenen Urteil:
      aus rechts ist links, aus links ist rechts geworden.
    </Text>
  </Sample>
  <Sample Language="German">
    <Text>
      Im Hauptsaale, so schön und großartig, daß darin ein römischer Kaiser
      logieren könnte, war die Tafel, bedeckt mit schwerem Damast und goldenen
      wie silbernen Kannen, Bechern und Schüsseln, ausgestellt, wundersam zu
      beschauen auch ob der Schaugerichte, so da waren ein Pfau mit
      aufgeschlagenem Rade, der unvermeidliche Schweinskopf in reicher
      Garnierung, gewaltige Huchen und rotbetupfte Ferchen, auch Fasanen mit
      senkrecht aufragendem Stoß, und etliche Gebirge aus Zucker, darunter der
      Untersberg, aus dessen Quellen Weißwein als Bergbrünnlein
      herniederrieselten.

      Lustige Weisen der Zinkenbläser und Posaunisten, dazu Trommelwirbel und
      Schellengeklingel tönten von der Galerie herab, den buntgeschmückten
      Festgästen die Wartezeit bis zum Beginn zu verkürzen, doch hörte man
      nicht viel auf die lockende, bald leise schwirrende, bald wieder grell
      lärmende Musik. Die Weiber hatten Besseres, Wichtigeres zu thun im
      Mustern der Kleider von Freundinnen, im schauen und kritisieren, und der
      Anblick, den Salome Alt, des Kaufherrn bildschöne Tochter bot, versetzte
      die anwesende Frauenwelt in eine Erregung, die sich in Rufen des
      Erstaunens, im Gemurmel und Tuscheln grimmigsten Neides äußerte.

      Salome, ein Mädchen mittlerer Größe von kaum zwanzig Lenzen, war soeben
      in den für die Frauen reservierten Raum getreten; lächelnd begrüßte sie
      die Damen, nickte den Mädchen zu und schritt langsam zur
      Bürgermeisterin, die sich ob der Pracht solcher Kleidung nicht zu fassen
      wußte, wiewohl sie wahrlich weiß, daß Salome über Prachtgewänder dank
      der Freigebigkeit des Vaters zu verfügen hat. Ein bezaubernder Liebreiz
      ist über das runde Madonnenantlitz des Mädchens ausgegossen, der
      schlanke Wuchs weist das herrlichste Ebenmaß auf mit einer Fülle
      reizendster Formen, die ein Männerauge in hellstes Entzücken versetzen
      muß. Blendend weiß die reine Stirne, von blonden Löckchen umrahmt, die
      Zähnchen schimmernd gleich Perlen, das goldige Haar aufleuchtend im
      Licht der vielen Kerzen, Kinderaugen lieb und rein, rundes Kinn, ein
      Wesen so sanft, unschuldsvoll und lockend, und dennoch bescheidener Art,
      die es vermeidet, das eigene schöne Ich irgendwie in den Vordergrund zu
      drängen. Ein leises Rot liegt wie angehaucht auf Salomes zarten Wangen,
      ein Lächeln inneren Triumphes auf den leicht geöffneten Lippen.
      Fürstlich muß die Erscheinung des Mädchens genannt werden im weiten
      blauen, mit Nörzpelz gefütterten Atlasrock, besetzt mit goldenen und
      silbernen Schnüren, um den Hals eine vierfache Perlenkette, am
      Halsausschnitt die steife Spitzenkrause, die Ärmel verbrämt mit
      golddurchwirktem Tuch.
    </Text>
  </Sample>
  <Sample Language="English">
    <Text>
      It is a serious undertaking to get a great body of men and horses across a broad and rapid river, when the people of the country have done all in their power to remove or destroy all possible means of transit, and when hostile bands are on the opposite bank, to embarrass and impede the operations by every mode in their power. Alexander, however, advanced to the undertaking with great resolution. To cross the Danube especially, with a military force, was, in those days, in the estimation of the Greeks and Romans, a very great exploit. The river was so distant, so broad and rapid, and its banks were bordered and defended by such ferocious foes, that to cross its eddying tide, and penetrate into the unknown and unexplored regions beyond, leaving the broad, and deep, and rapid stream to cut off the hopes of retreat, implied the possession of extreme self-reliance, courage, and decision.
      It was now, however, too late for the Thebans to repent of what they had done. They were far too deeply impressed with a conviction of the decision and energy of Alexander's character, as manifested in the whole course of his proceedings since he began to reign, and especially by his sudden reappearance among them so soon after this outbreak against his authority, to imagine that there was now any hope for them except in determined and successful resistance. They shut themselves up, therefore, in their city, and prepared to defend themselves to the last extremity.
    </Text>
  </Sample>
  <Sample Language="English">
    <Text>
      Christopher was then the youngest child, a babe but one year old. The wilderness, west of them, was almost unexplored. But Mr. Carson, at his blazing fireside, had heard from the Indians, and occasionally from some adventurous white hunter, glowing accounts of the magnificent prairies, rivers, lakes and forests of the far West, reposing in the solitude and the silence which had reigned there since the dawn of the creation.

      There were no roads through the wilderness. The guide of the emigrants was the setting sun. Occasionally they could take advantage of some Indian trail, trodden hard by the moccasined feet of the savages, in single file, through countless generations. Through such a country, the father of Kit Carson commenced a journey of several hundred miles, with his wife and three or four children, Kit being an infant in arms. Unfortunately we are not informed of any of the particulars of this journey. But we know, from numerous other cases, what was its general character.

      It must have occupied two or three weeks. All the family went on foot, making about fifteen miles a day. They probably had two pack horses, laden with pots and kettles, and a few other essential household and farming utensils. Early in the afternoon Mr. Carson would begin to look about for a suitable place of encampment for the night. He would find, if possible, the picturesque banks of some running stream, where there was grass for his horses, and a forest growth to furnish him with wood for his cabin and for fire. If the weather were pleasant, with the prospect of a serene and cloudless night, a very slight protection would be reared, and the weary family, with a buffalo robe spread on the soft grass for a blanket, would sleep far more sweetly in the open air, than most millionaires sleep in tapestried halls and upon beds of down.

      If clouds were gathering and menacing winds were wailing through the tree-tops, the vigorous arm of Mr. Carson, with his sharp axe, would, in an hour, rear a camp which could bid defiance to any ordinary storm. The roof would be so thatched, with bark and long grass, as to be quite impenetrable by the rain. Buffalo robes, and a few of the soft and fragrant branches of the hemlock tree, would create a couch which a prince might envy. Perhaps, as they came along, they had shot a turkey or a brace of ducks, or a deer, from whose fat haunches they have cut the tenderest venison. Any one could step out with his rifle and soon return with a supper.

      While Mr. Carson, with his eldest son, was building the camp, the eldest girl would hold the baby, and Mrs. Carson would cook such a repast of dainty viands, as, when we consider the appetites, Delmonico never furnished. It was life in the "Adirondacks," with the additional advantage that those who were enjoying it, were inured to fatigue, and could have no sense of discomfort, from the absence of conveniences to which they were accustomed.

      If in the darkness of midnight, the tempest rose and roared through the tree-tops, with crushing thunder, and floods of rain, the family was lulled to sounder sleep by these requiems of nature, or awoke to enjoy the sublimity of the scene, whose grandeur those in lowly life are often able fully to appreciate, though they may not have language with which to express their emotions.
    </Text>
  </Sample>

  <Sample Language="French">
    <Text>
      Les armes des Sanglié, peintes à la cire, se répètent sur tous les murs
      du vestibule. C'est un sanglier d'or sur champ de gueules. L'écusson est
      supporté par deux lévriers et surmonté d'un tortil de baron avec cette
      légende: SANG LIÉ AU ROY. Une demi-douzaine de lévriers vivants, groupés
      suivant leur fantaisie, s'agacent au pied de l'escalier, mordillent les
      véroniques en fleur dans les vases du Japon, ou s'aplatissent sur le
      tapis en allongeant leur tête serpentine. Les valets de pied, assis sur
      des banquettes de Beauvais, se croisent solennellement les bras, comme
      il convient à des gens de bonne maison.

      Le 1er janvier 1853, vers les neuf heures du matin, tous les domestiques
      de l'hôtel tenaient sous le vestibule un congrès tumultueux. L'intendant
      du baron, M. Anatole, venait de leur distribuer leurs étrennes. Le
      maître d'hôtel avait reçu cinq cents francs, le valet de chambre deux
      cent cinquante. Le moins favorisé de tous, le marmiton, contemplait avec
      une tendresse inexprimable deux beaux louis d'or tout neufs. Il y avait
      des jaloux dans l'assemblée, mais pas un mécontent, et chacun disait en
      son langage que c'est plaisir de servir un maître riche et généreux.

      Ces messieurs formaient un groupe assez pittoresque autour d'une des
      bouches du calorifère. Les plus matineux avaient déjà la grande livrée;
      les autres portaient encore le gilet à manches, qui est la petite tenue
      des domestiques. Le valet de chambre était tout de noir habillé, avec
      des chaussons de lisière; le jardinier ressemblait à un villageois
      endimanché; le cocher était en veste de tricot et en chapeau galonné; le
      suisse, en baudrier d'or et en sabots. On apercevait ça et là, le long
      des murs, un fouet, une étrille, un bâton à cirer, une tête de loup, et
      des plumeaux dont je ne sais pas le nombre.

      Le maître dormait jusqu'à midi, en homme qui a passé la nuit au club:
      on avait bien le temps de se mettre à l'ouvrage. Chacun faisait d'avance
      emploi de son argent, et les châteaux en Espagne allaient bon train.
      Tous les hommes, petits et grands, sont de la famille de Perrette qui
      portait un pot au lait.
    </Text>
  </Sample>
  <Sample Language="French">
    <Text>
      Depuis la veille, c'était la sensation maîtresse, un détestable goût de
      sur à la lèvre sèche. Le souvenir de certaine lourde tarte servie
      naguère aux noces de sa jeune soeur flatta d'une saveur illusoire le
      palais; et la langue chercha la succulence croustillante de quelque
      bribe incrustée, par hasard, entre les dents. Il ne délogea que le
      débris acide d'une feuille mâchée. Sa mémoire consolatrice évoqua
      l'engloutissement du liquide versé dans sa gorge, d'une viande chaude
      avalée, de mies spongieuses mastiquées. Vide était la gourde. Les
      cantines ayant suivi les chemins larges, au nord, derrière l'artillerie,
      personne de la brigade ne mangerait avant midi, le lendemain, lorsque
      les fourgons s'ouvriraient à l'abri sur le versant occidental de la
      Forêt Noire.

      Héricourt haït sa misère. Ignoblement la boue recouvrait ses bottes à
      coeur, ses culottes collantes, les jambes et le ventre du cheval, les
      emblèmes en cuivre de la sabretache. Huit boutons manquaient à son
      dolman; un morceau pendait le long de la manche, jusqu'aux galons du
      grade, et mettait à nu la doublure. Ses mains noircies par le cirage des
      brides lui répugnaient autant que les effluves de sueur et de cuir. Le
      cheval fumait aux flancs. Le poil puait. Bernard envia ses frères, les
      marins, qui, de Dunkerque, menaient leur trois-mâts aux côtes
      barbaresques. Sur quelles mers de soleil, à cette heure, respiraient-ils
      la brise gonflant les voiles qui inclinent le navire contre la pente
      infinie des eaux?
    </Text>
  </Sample>
  <Sample Language="Dutch">
    <Text>
    Later gaf Christophorus Columbus in een brief aan Ferdinand en Isabella een kort verhaal van een tocht, dien hij gedaan had om een galei uit de haven van Tunis te verjagen. Zijn scheepsvolk had bij toeval vernomen, dat de galei door twee andere schepen beschermd werd, en daardoor was het zoo beangstigd geworden, dat het weigerde den tocht voort te zetten. Schijnbaar willigde Columbus hunne wenschen in, en zij verkeerden dan ook in de meening, dat hij besloten had terug te keeren ten einde versterking te halen. Hij veranderde echter van koers, en haalde alle zeilen op. Weldra viel de nacht in. Toen de morgen aanbrak, zeilde het schip de haven in, waarin de galei lag.

    De uitslag is onbekend, maar het voorval herinnert ons levendig de nog belangrijker krijgslist, waartoe hij later zijn toevlucht nam, ten einde zijne moedelooze schepelingen aan te vuren, om de reis over de onstuimige zee naar de nieuwe wereld voort te zetten. Destijds werd de Atlantische Oceaan zoo goed als niet bevaren. Eenige weinige ondernemende zeelieden waren langs de kusten van Noord-Europa gevaren, en zuidwaarts naar de westkust van Afrika gestevend. Maar de wereldhandel bepaalde zich hoofdzakelijk tot de Middellandsche zee. Dat waren dagen van ruw geweld, wetteloosheid en misdaad.
  </Text>
  </Sample>
  <Sample Language="Spanish">
    <Text>
      El estado presente de nuestra cultura, incierto y un tanto enfermizo,
      con desalientos y suspicacias de enfermo de aprensión, nos impone la
      crítica afirmativa, consistente en hablar de lo creemos bueno,
      guardándonos el juicio desfavorable de los errores, desaciertos y
      tonterías. Se ha ejercido tanto la crítica negativa en todos los
      órdenes, que por ella quizás hemos llegado a la insana costumbre de
      creernos un pueblo de estériles, absolutamente inepto para todo. Tanta
      crítica pesimista, tan porfiado regateo, y en muchos casos negación de
      las cualidades de nuestros contemporáneos, nos han traído a un estado de
      temblor y ansiedad continuos; nadie se atreve a dar un paso, por miedo
      de caerse. Pensamos demasiado en nuestra debilidad y acabamos por
      padecerla; creemos que se nos va la cabeza, que nos duele el corazón y
      que se nos vicia la sangre, y de tanto decirlo y pensarlo nos vemos
      agobiados de crueles sufrimientos. Para convencernos de que son
      ilusorios, no sería malo suspender la crítica negativa, dedicándonos
      todos, aunque ello parezca extraño, a infundir ánimos al enfermo,
      diciéndole: «Tu debilidad no es más que pereza, y tu anemia proviene del
      sedentarismo. Levántate y anda, tu naturaleza es fuerte: el miedo la
      engaña, sugiriéndole la desconfianza de sí misma, la idea errónea de que
      para nada sirves ya, y de que vives muriendo». Convendría, pues, que los
      censores disciplentes se callarán por algún tiempo, dejando que alzasen
      la voz los que repartan el oxígeno, la alegría, la admiración, los que
      alientan todo esfuerzo útil, toda iniciativa fecunda, toda idea feliz,
      todo acierto artístico, o de cualquier orden que sea.
    </Text>
  </Sample>
  <Sample Language="Italian">
    <Text>
      Chi si parte dalla marina del Finale, e su pel fianco dell'Appennino
      va verso le Langhe, si arresta trafelando ogni tratto a ripigliar
      lena, e a vedere quanta sarà ancora la salita, e quanto s'è scostato
      da quella spiaggia, diversa giù giù per foci di torrenti, per
      iscogliere tagliate a filo, per promontori neri, dirupati, somiglianti
      a mostri, che si inoltrano cimentosi nei flutti. Ma guadagnata che
      abbia la vetta del Settepani, sente l'affanno della via ripida e
      lunga, quetarsi in una vista maravigliosa. La catena dell'Alpi è di
      lassù un'occhiata infinita; e se vi si arriva all'apparire del sole,
      tutta la distesa di picchi, di coni, di aguglie, gli pare un mondo di
      cose vive e moventi. Si vorrebbe aver l'ali per lanciarsi su qualcuno
      di quei culmini, così alti nel cielo; e si abbassa di malavoglia lo
      sguardo, a cercare la via, giù per i gioghi avvolti ancora nell'ombra,
      lì sotto: dove per un lungo digradarsi di monti, si confondono
      villaggi, selve, burroni spaventosi; qua Montenotte, là Cosseria,
      castella e torri feudali per tutto; più lontana e più bella d'ogni
      altra quella di Vengore, che nera e solitaria si spicca su un
      altipiano, oltre il quale la nebulosa pianura.
    </Text>
  </Sample>
</Samples>
