<?xml version="1.0" encoding="UTF-8"?>
<project xmlns="http://www.netbeans.org/ns/project/1">
    <type>org.netbeans.modules.apisupport.project</type>
    <configuration>
        <data xmlns="http://www.netbeans.org/ns/nb-module-project/3">
            <code-name-base>org.neuroph.netbeans.fxvis</code-name-base>
            <suite-component/>
            <module-dependencies>
                <dependency>
                    <code-name-base>org.netbeans.modules.settings</code-name-base>
                    <build-prerequisite/>
                    <compile-dependency/>
                    <run-dependency>
                        <release-version>1</release-version>
                        <specification-version>1.44.1</specification-version>
                    </run-dependency>
                </dependency>
                <dependency>
                    <code-name-base>org.neuroph.netbeans</code-name-base>
                    <build-prerequisite/>
                    <compile-dependency/>
                    <run-dependency>
                        <specification-version>1.0</specification-version>
                    </run-dependency>
                </dependency>
                <dependency>
                    <code-name-base>org.neuroph.netbeans.charts</code-name-base>
                    <build-prerequisite/>
                    <compile-dependency/>
                    <run-dependency>
                        <specification-version>1.0</specification-version>
                    </run-dependency>
                </dependency>
                <dependency>
                    <code-name-base>org.nugs.graph2d.api</code-name-base>
                    <build-prerequisite/>
                    <compile-dependency/>
                    <run-dependency>
                        <specification-version>1.0</specification-version>
                    </run-dependency>
                </dependency>
                <dependency>
                    <code-name-base>org.nugs.graph3d.api</code-name-base>
                    <build-prerequisite/>
                    <compile-dependency/>
                    <run-dependency>
                        <specification-version>1.0</specification-version>
                    </run-dependency>
                </dependency>
                <dependency>
                    <code-name-base>org.openide.awt</code-name-base>
                    <build-prerequisite/>
                    <compile-dependency/>
                    <run-dependency>
                        <specification-version>7.61.2</specification-version>
                    </run-dependency>
                </dependency>
                <dependency>
                    <code-name-base>org.openide.util</code-name-base>
                    <build-prerequisite/>
                    <compile-dependency/>
                    <run-dependency>
                        <specification-version>8.37.1</specification-version>
                    </run-dependency>
                </dependency>
                <dependency>
                    <code-name-base>org.openide.util.lookup</code-name-base>
                    <build-prerequisite/>
                    <compile-dependency/>
                    <run-dependency>
                        <specification-version>8.24.1</specification-version>
                    </run-dependency>
                </dependency>
                <dependency>
                    <code-name-base>org.openide.windows</code-name-base>
                    <build-prerequisite/>
                    <compile-dependency/>
                    <run-dependency>
                        <specification-version>6.70.1</specification-version>
                    </run-dependency>
                </dependency>
            </module-dependencies>
            <public-packages>
                <package>org.neuroph.netbeans.fxvis</package>
            </public-packages>
            <class-path-extension>
                <runtime-relative-path>ext/FXyzLib.jar</runtime-relative-path>
                <binary-origin>release/modules/ext/FXyzLib.jar</binary-origin>
            </class-path-extension>
        </data>
    </configuration>
</project>
